,image_id,Male,partition
0,000051.jpg,1,0
1,000052.jpg,1,0
2,000065.jpg,1,0
3,000166.jpg,1,0
4,000198.jpg,0,0
5,000201.jpg,0,0
6,000240.jpg,0,0
7,000282.jpg,1,0
8,000352.jpg,1,0
9,000409.jpg,1,0
10,000414.jpg,1,0
11,000439.jpg,1,0
12,000444.jpg,1,0
13,000474.jpg,1,0
14,000525.jpg,0,0
15,000545.jpg,1,0
16,000559.jpg,1,0
17,000572.jpg,1,0
18,000608.jpg,1,0
19,000653.jpg,0,0
20,000716.jpg,0,0
21,000771.jpg,1,0
22,000798.jpg,1,0
23,000810.jpg,0,0
24,000845.jpg,1,0
25,000858.jpg,1,0
26,000873.jpg,1,0
28,000989.jpg,0,0
29,001140.jpg,1,0
30,001161.jpg,1,0
31,001218.jpg,0,0
32,001242.jpg,1,0
33,001248.jpg,0,0
34,001256.jpg,1,0
35,001270.jpg,1,0
36,001295.jpg,0,0
37,001401.jpg,1,0
39,001519.jpg,1,0
40,001613.jpg,1,0
41,001637.jpg,0,0
42,001665.jpg,0,0
43,001708.jpg,0,0
44,001782.jpg,1,0
45,001800.jpg,1,0
46,001894.jpg,0,0
47,001921.jpg,0,0
48,001983.jpg,1,0
49,002085.jpg,0,0
50,002125.jpg,1,0
51,002134.jpg,0,0
52,002150.jpg,1,0
53,002197.jpg,0,0
54,002202.jpg,0,0
55,002223.jpg,1,0
56,002256.jpg,0,0
57,002310.jpg,1,0
58,002362.jpg,0,0
59,002389.jpg,1,0
60,002415.jpg,1,0
61,002427.jpg,0,0
63,002450.jpg,0,0
64,002456.jpg,1,0
65,002502.jpg,0,0
66,002525.jpg,0,0
69,002592.jpg,0,0
70,002598.jpg,1,0
72,002662.jpg,0,0
73,002663.jpg,0,0
74,002693.jpg,0,0
75,002698.jpg,0,0
76,002747.jpg,1,0
77,002808.jpg,0,0
78,002834.jpg,0,0
79,002903.jpg,0,0
80,003026.jpg,0,0
81,003103.jpg,1,0
82,003148.jpg,0,0
83,003252.jpg,1,0
84,003306.jpg,0,0
88,003427.jpg,0,0
89,003461.jpg,1,0
90,003477.jpg,1,0
91,003516.jpg,1,0
92,003543.jpg,1,0
93,003630.jpg,1,0
94,003632.jpg,0,0
96,003683.jpg,1,0
97,003747.jpg,1,0
99,003847.jpg,0,0
100,003928.jpg,1,0
101,003940.jpg,1,0
102,003959.jpg,1,0
104,004007.jpg,1,0
105,004026.jpg,0,0
106,004109.jpg,1,0
107,004132.jpg,1,0
108,004136.jpg,0,0
109,004174.jpg,0,0
110,004178.jpg,0,0
113,004326.jpg,1,0
114,004353.jpg,1,0
115,004405.jpg,0,0
117,004422.jpg,1,0
118,004449.jpg,1,0
119,004460.jpg,1,0
120,004540.jpg,0,0
121,004557.jpg,0,0
122,004584.jpg,0,0
123,004599.jpg,1,0
125,004663.jpg,0,0
126,004726.jpg,0,0
127,004728.jpg,1,0
128,004757.jpg,0,0
129,004762.jpg,1,0
131,004886.jpg,1,0
132,005020.jpg,1,0
133,005089.jpg,0,0
135,005158.jpg,1,0
136,005249.jpg,1,0
138,005308.jpg,0,0
139,005334.jpg,0,0
140,005363.jpg,1,0
141,005390.jpg,1,0
143,005458.jpg,0,0
144,005558.jpg,0,0
146,005608.jpg,1,0
147,005707.jpg,0,0
148,005722.jpg,0,0
149,005799.jpg,1,0
150,005822.jpg,0,0
151,005851.jpg,1,0
153,006102.jpg,1,0
154,006107.jpg,0,0
155,006184.jpg,0,0
156,006219.jpg,1,0
157,006236.jpg,0,0
158,006254.jpg,0,0
159,006260.jpg,0,0
160,006386.jpg,1,0
161,006422.jpg,0,0
162,006490.jpg,1,0
164,006596.jpg,0,0
165,006713.jpg,1,0
166,006764.jpg,0,0
167,006783.jpg,1,0
168,006801.jpg,0,0
169,006825.jpg,1,0
170,006854.jpg,1,0
171,006947.jpg,1,0
172,006949.jpg,1,0
173,007002.jpg,1,0
174,007027.jpg,0,0
175,007032.jpg,0,0
176,007106.jpg,1,0
177,007111.jpg,1,0
178,007119.jpg,1,0
180,007137.jpg,0,0
181,007145.jpg,1,0
182,007291.jpg,0,0
183,007335.jpg,1,0
185,007383.jpg,0,0
186,007450.jpg,1,0
187,007484.jpg,0,0
188,007498.jpg,1,0
189,007505.jpg,0,0
191,007566.jpg,0,0
192,007572.jpg,1,0
193,007573.jpg,1,0
195,007588.jpg,0,0
197,007644.jpg,1,0
198,007723.jpg,0,0
199,007725.jpg,0,0
200,007738.jpg,0,0
203,007943.jpg,0,0
204,008021.jpg,1,0
205,008038.jpg,1,0
206,008067.jpg,1,0
208,008126.jpg,1,0
209,008151.jpg,0,0
210,008184.jpg,1,0
211,008185.jpg,0,0
212,008264.jpg,1,0
213,008283.jpg,0,0
214,008294.jpg,0,0
215,008304.jpg,1,0
216,008343.jpg,0,0
217,008412.jpg,1,0
218,008426.jpg,1,0
219,008438.jpg,0,0
220,008488.jpg,1,0
221,008539.jpg,0,0
222,008601.jpg,0,0
223,008639.jpg,1,0
225,008812.jpg,0,0
226,008880.jpg,1,0
227,008886.jpg,1,0
228,008899.jpg,0,0
229,008921.jpg,1,0
232,009102.jpg,0,0
233,009138.jpg,0,0
234,009195.jpg,1,0
235,009238.jpg,0,0
236,009253.jpg,0,0
237,009287.jpg,0,0
238,009295.jpg,1,0
239,009327.jpg,1,0
240,009355.jpg,0,0
241,009376.jpg,0,0
242,009391.jpg,0,0
243,009482.jpg,1,0
244,009593.jpg,1,0
245,009613.jpg,0,0
248,009740.jpg,0,0
249,009750.jpg,0,0
250,009781.jpg,0,0
252,009883.jpg,1,0
253,009920.jpg,0,0
254,009934.jpg,1,0
255,009979.jpg,1,0
256,009997.jpg,1,0
258,010102.jpg,1,0
259,010124.jpg,0,0
260,010130.jpg,1,0
261,010187.jpg,1,0
262,010242.jpg,1,0
263,010312.jpg,0,0
264,010345.jpg,0,0
265,010447.jpg,1,0
266,010475.jpg,1,0
267,010485.jpg,1,0
268,010509.jpg,0,0
269,010512.jpg,0,0
270,010530.jpg,0,0
271,010539.jpg,0,0
273,010562.jpg,1,0
274,010713.jpg,0,0
275,010791.jpg,1,0
276,010825.jpg,0,0
277,010852.jpg,1,0
278,010925.jpg,1,0
279,010941.jpg,1,0
280,011027.jpg,1,0
282,011094.jpg,0,0
283,011108.jpg,0,0
284,011127.jpg,0,0
285,011252.jpg,1,0
286,011262.jpg,0,0
287,011297.jpg,1,0
289,011316.jpg,1,0
290,011326.jpg,0,0
291,011514.jpg,1,0
292,011529.jpg,1,0
293,011543.jpg,1,0
294,011548.jpg,1,0
295,011628.jpg,1,0
296,011662.jpg,1,0
297,011728.jpg,1,0
298,011770.jpg,0,0
299,011816.jpg,1,0
300,011916.jpg,0,0
301,011946.jpg,1,0
302,011969.jpg,0,0
304,012046.jpg,1,0
305,012055.jpg,1,0
306,012066.jpg,1,0
308,012295.jpg,0,0
309,012298.jpg,1,0
310,012354.jpg,0,0
311,012365.jpg,1,0
313,012408.jpg,0,0
315,012605.jpg,0,0
317,012764.jpg,0,0
318,012830.jpg,1,0
319,012878.jpg,0,0
323,013022.jpg,1,0
324,013037.jpg,1,0
325,013041.jpg,0,0
326,013077.jpg,1,0
328,013091.jpg,1,0
331,013392.jpg,1,0
332,013419.jpg,0,0
333,013420.jpg,0,0
334,013503.jpg,1,0
335,013529.jpg,1,0
336,013606.jpg,1,0
337,013726.jpg,0,0
338,013788.jpg,1,0
341,014027.jpg,1,0
342,014043.jpg,0,0
343,014062.jpg,0,0
344,014065.jpg,0,0
345,014092.jpg,1,0
347,014139.jpg,1,0
348,014157.jpg,0,0
349,014269.jpg,0,0
350,014275.jpg,0,0
351,014279.jpg,1,0
353,014325.jpg,0,0
355,014390.jpg,1,0
356,014403.jpg,1,0
357,014466.jpg,1,0
358,014541.jpg,0,0
360,014577.jpg,1,0
361,014682.jpg,0,0
362,014701.jpg,0,0
364,014731.jpg,1,0
365,014827.jpg,1,0
366,014846.jpg,0,0
367,014908.jpg,0,0
368,014925.jpg,0,0
369,014938.jpg,1,0
371,014969.jpg,0,0
372,015112.jpg,1,0
373,015163.jpg,0,0
374,015231.jpg,0,0
375,015245.jpg,1,0
376,015267.jpg,0,0
378,015481.jpg,0,0
379,015606.jpg,1,0
381,015784.jpg,1,0
383,015874.jpg,1,0
384,015882.jpg,1,0
386,015926.jpg,1,0
387,015958.jpg,0,0
388,015965.jpg,1,0
389,015979.jpg,1,0
390,016074.jpg,1,0
391,016075.jpg,1,0
392,016092.jpg,0,0
393,016124.jpg,0,0
394,016160.jpg,0,0
395,016173.jpg,0,0
397,016217.jpg,1,0
398,016249.jpg,1,0
399,016258.jpg,1,0
400,016359.jpg,1,0
401,016370.jpg,0,0
402,016372.jpg,1,0
403,016406.jpg,1,0
404,016410.jpg,1,0
405,016504.jpg,0,0
407,016516.jpg,0,0
408,016537.jpg,0,0
409,016605.jpg,0,0
410,016612.jpg,0,0
412,016646.jpg,0,0
413,016759.jpg,1,0
414,016823.jpg,1,0
415,016848.jpg,1,0
416,016875.jpg,1,0
417,017018.jpg,0,0
419,017154.jpg,1,0
420,017157.jpg,1,0
421,017191.jpg,1,0
422,017297.jpg,1,0
423,017298.jpg,1,0
424,017324.jpg,1,0
425,017360.jpg,0,0
426,017366.jpg,1,0
428,017468.jpg,1,0
429,017502.jpg,1,0
430,017512.jpg,1,0
431,017559.jpg,0,0
433,017656.jpg,0,0
434,017738.jpg,0,0
435,017810.jpg,1,0
436,017966.jpg,1,0
437,017975.jpg,1,0
438,017995.jpg,0,0
442,018102.jpg,1,0
443,018103.jpg,1,0
445,018263.jpg,1,0
446,018341.jpg,0,0
447,018412.jpg,1,0
448,018428.jpg,0,0
449,018448.jpg,0,0
450,018505.jpg,1,0
451,018536.jpg,0,0
452,018636.jpg,0,0
455,018648.jpg,1,0
456,018658.jpg,0,0
457,018730.jpg,0,0
458,018739.jpg,1,0
459,018802.jpg,1,0
460,018891.jpg,1,0
461,019000.jpg,1,0
462,019053.jpg,0,0
463,019082.jpg,1,0
466,019169.jpg,1,0
467,019252.jpg,0,0
468,019268.jpg,1,0
469,019271.jpg,1,0
470,019426.jpg,1,0
472,019504.jpg,1,0
473,019522.jpg,1,0
474,019550.jpg,0,0
477,019693.jpg,0,0
479,019743.jpg,0,0
481,019814.jpg,1,0
482,019874.jpg,0,0
484,019959.jpg,0,0
485,019998.jpg,0,0
486,020158.jpg,0,0
487,020254.jpg,0,0
488,020394.jpg,0,0
489,020411.jpg,1,0
490,020470.jpg,1,0
491,020542.jpg,0,0
492,020656.jpg,1,0
494,021029.jpg,1,0
495,021102.jpg,0,0
496,021161.jpg,1,0
498,021165.jpg,0,0
499,021185.jpg,1,0
500,021190.jpg,0,0
501,021192.jpg,0,0
503,021264.jpg,1,0
504,021369.jpg,0,0
505,021380.jpg,0,0
506,021462.jpg,1,0
508,021487.jpg,0,0
509,021502.jpg,1,0
510,021508.jpg,1,0
511,021521.jpg,1,0
512,021537.jpg,1,0
513,021659.jpg,1,0
514,021675.jpg,1,0
515,021688.jpg,1,0
516,021690.jpg,1,0
517,021722.jpg,1,0
518,021728.jpg,0,0
521,021798.jpg,0,0
522,021849.jpg,0,0
523,021882.jpg,0,0
524,021920.jpg,1,0
525,021948.jpg,1,0
526,021962.jpg,0,0
527,022019.jpg,0,0
529,022086.jpg,1,0
530,022115.jpg,0,0
531,022144.jpg,1,0
533,022243.jpg,0,0
534,022264.jpg,1,0
535,022369.jpg,1,0
536,022370.jpg,0,0
537,022448.jpg,0,0
538,022449.jpg,0,0
540,022523.jpg,1,0
543,022584.jpg,0,0
544,022589.jpg,1,0
545,022600.jpg,0,0
546,022666.jpg,0,0
547,022672.jpg,0,0
548,022697.jpg,0,0
549,022706.jpg,1,0
550,022764.jpg,1,0
551,022775.jpg,0,0
552,022871.jpg,0,0
553,022960.jpg,1,0
554,022967.jpg,1,0
555,023006.jpg,0,0
556,023013.jpg,0,0
557,023035.jpg,1,0
558,023075.jpg,1,0
559,023080.jpg,0,0
560,023137.jpg,1,0
562,023484.jpg,0,0
563,023524.jpg,0,0
564,023648.jpg,0,0
566,023673.jpg,1,0
569,023728.jpg,0,0
570,023736.jpg,1,0
571,023788.jpg,0,0
573,023838.jpg,0,0
574,023957.jpg,0,0
577,024069.jpg,0,0
578,024091.jpg,1,0
579,024094.jpg,1,0
580,024111.jpg,1,0
582,024178.jpg,1,0
583,024241.jpg,0,0
584,024276.jpg,1,0
585,024310.jpg,0,0
586,024388.jpg,1,0
587,024391.jpg,0,0
588,024408.jpg,0,0
589,024417.jpg,0,0
590,024436.jpg,1,0
591,024441.jpg,1,0
592,024473.jpg,1,0
593,024498.jpg,0,0
594,024567.jpg,1,0
595,024582.jpg,1,0
598,024645.jpg,0,0
599,024651.jpg,0,0
600,024675.jpg,0,0
601,024703.jpg,0,0
602,024706.jpg,1,0
603,024709.jpg,0,0
604,024775.jpg,0,0
605,024791.jpg,1,0
606,024844.jpg,0,0
608,024858.jpg,1,0
609,024878.jpg,0,0
610,024882.jpg,0,0
611,024904.jpg,0,0
612,024916.jpg,0,0
613,024924.jpg,1,0
614,024952.jpg,0,0
615,025080.jpg,0,0
617,025126.jpg,1,0
618,025136.jpg,1,0
619,025139.jpg,1,0
620,025233.jpg,1,0
621,025321.jpg,1,0
622,025333.jpg,1,0
623,025342.jpg,0,0
624,025343.jpg,1,0
628,025413.jpg,1,0
629,025504.jpg,1,0
630,025588.jpg,0,0
631,025630.jpg,1,0
634,025676.jpg,1,0
635,025693.jpg,1,0
636,025703.jpg,0,0
637,025727.jpg,1,0
638,025731.jpg,1,0
639,025775.jpg,1,0
640,025808.jpg,0,0
641,025813.jpg,0,0
642,025875.jpg,1,0
643,025877.jpg,1,0
644,025988.jpg,1,0
646,026041.jpg,0,0
647,026066.jpg,1,0
648,026154.jpg,0,0
650,026299.jpg,1,0
651,026382.jpg,1,0
652,026391.jpg,0,0
653,026421.jpg,1,0
654,026473.jpg,0,0
655,026492.jpg,0,0
656,026566.jpg,1,0
657,026572.jpg,1,0
660,026630.jpg,1,0
661,026811.jpg,1,0
663,026851.jpg,1,0
664,026898.jpg,1,0
666,026945.jpg,0,0
667,026985.jpg,0,0
668,027002.jpg,1,0
669,027043.jpg,1,0
670,027076.jpg,1,0
671,027119.jpg,0,0
672,027132.jpg,1,0
673,027139.jpg,0,0
674,027166.jpg,0,0
675,027230.jpg,1,0
676,027238.jpg,0,0
677,027277.jpg,1,0
678,027292.jpg,1,0
679,027359.jpg,0,0
680,027415.jpg,0,0
681,027434.jpg,0,0
682,027459.jpg,0,0
683,027468.jpg,1,0
684,027470.jpg,1,0
685,027481.jpg,0,0
686,027672.jpg,0,0
687,027891.jpg,1,0
688,027966.jpg,1,0
690,027994.jpg,0,0
691,028000.jpg,0,0
692,028014.jpg,0,0
693,028028.jpg,1,0
694,028038.jpg,0,0
695,028097.jpg,0,0
696,028126.jpg,1,0
697,028131.jpg,1,0
699,028251.jpg,0,0
700,028284.jpg,0,0
701,028290.jpg,1,0
702,028445.jpg,0,0
703,028467.jpg,0,0
704,028494.jpg,1,0
705,028520.jpg,1,0
706,028612.jpg,0,0
707,028651.jpg,1,0
708,028665.jpg,1,0
710,028730.jpg,1,0
711,028740.jpg,1,0
712,028768.jpg,1,0
713,028872.jpg,0,0
714,028876.jpg,0,0
715,028889.jpg,0,0
716,028894.jpg,1,0
717,028972.jpg,0,0
718,029005.jpg,0,0
719,029163.jpg,0,0
720,029211.jpg,1,0
721,029328.jpg,1,0
722,029337.jpg,1,0
723,029399.jpg,1,0
724,029409.jpg,0,0
725,029511.jpg,0,0
726,029623.jpg,1,0
728,029649.jpg,0,0
729,029670.jpg,0,0
730,029701.jpg,0,0
731,029732.jpg,1,0
732,029736.jpg,1,0
733,029738.jpg,0,0
735,029814.jpg,1,0
736,029860.jpg,1,0
738,029954.jpg,1,0
739,029967.jpg,1,0
740,030013.jpg,0,0
741,030048.jpg,1,0
743,030223.jpg,1,0
745,030263.jpg,0,0
746,030340.jpg,0,0
748,030446.jpg,1,0
750,030463.jpg,0,0
751,030484.jpg,1,0
752,030546.jpg,0,0
753,030560.jpg,0,0
754,030561.jpg,1,0
755,030577.jpg,0,0
757,030644.jpg,0,0
761,030774.jpg,0,0
762,030797.jpg,0,0
763,030819.jpg,0,0
764,030830.jpg,1,0
765,030922.jpg,0,0
766,030935.jpg,0,0
768,031016.jpg,0,0
771,031139.jpg,1,0
772,031264.jpg,0,0
773,031272.jpg,1,0
775,031292.jpg,1,0
776,031335.jpg,1,0
778,031499.jpg,0,0
782,031715.jpg,1,0
783,031724.jpg,1,0
784,031729.jpg,0,0
785,031738.jpg,1,0
786,031766.jpg,0,0
788,031808.jpg,1,0
789,031842.jpg,0,0
791,032102.jpg,0,0
792,032153.jpg,0,0
793,032164.jpg,1,0
794,032179.jpg,0,0
795,032200.jpg,1,0
796,032211.jpg,0,0
798,032310.jpg,0,0
799,032352.jpg,1,0
800,032356.jpg,0,0
801,032400.jpg,1,0
802,032533.jpg,0,0
803,032541.jpg,0,0
804,032575.jpg,1,0
805,032626.jpg,0,0
808,032794.jpg,0,0
809,032867.jpg,0,0
814,033080.jpg,1,0
816,033200.jpg,0,0
817,033237.jpg,0,0
818,033251.jpg,0,0
819,033348.jpg,0,0
820,033412.jpg,0,0
821,033436.jpg,0,0
823,033501.jpg,1,0
824,033580.jpg,0,0
825,033599.jpg,0,0
826,033651.jpg,0,0
827,033687.jpg,1,0
828,033697.jpg,1,0
829,033699.jpg,1,0
830,033764.jpg,1,0
831,033798.jpg,1,0
832,033826.jpg,1,0
833,033833.jpg,0,0
834,033857.jpg,0,0
835,034063.jpg,0,0
836,034083.jpg,1,0
837,034093.jpg,1,0
840,034244.jpg,1,0
842,034284.jpg,1,0
843,034317.jpg,1,0
844,034371.jpg,0,0
846,034553.jpg,1,0
847,034594.jpg,0,0
848,034676.jpg,0,0
850,034741.jpg,1,0
851,034757.jpg,1,0
853,034817.jpg,0,0
854,034850.jpg,0,0
855,034919.jpg,1,0
856,034966.jpg,1,0
857,034982.jpg,0,0
858,035037.jpg,1,0
859,035039.jpg,0,0
860,035059.jpg,0,0
861,035062.jpg,0,0
862,035083.jpg,0,0
863,035084.jpg,1,0
864,035158.jpg,0,0
866,035174.jpg,0,0
867,035250.jpg,0,0
869,035286.jpg,1,0
870,035353.jpg,0,0
871,035377.jpg,1,0
872,035380.jpg,0,0
873,035407.jpg,0,0
874,035562.jpg,0,0
875,035576.jpg,0,0
876,035593.jpg,1,0
877,035690.jpg,1,0
878,035801.jpg,0,0
879,035810.jpg,0,0
880,035840.jpg,1,0
882,036090.jpg,1,0
886,036341.jpg,1,0
887,036412.jpg,0,0
889,036521.jpg,1,0
890,036558.jpg,0,0
891,036589.jpg,0,0
892,036669.jpg,0,0
893,036679.jpg,1,0
894,036714.jpg,0,0
895,036770.jpg,1,0
896,036793.jpg,1,0
897,036799.jpg,1,0
898,036824.jpg,0,0
899,036840.jpg,1,0
900,036842.jpg,0,0
901,036907.jpg,1,0
902,036943.jpg,1,0
904,037061.jpg,1,0
905,037121.jpg,0,0
906,037132.jpg,0,0
909,037188.jpg,0,0
910,037224.jpg,1,0
911,037274.jpg,0,0
912,037295.jpg,0,0
913,037361.jpg,0,0
914,037368.jpg,1,0
915,037369.jpg,1,0
917,037398.jpg,1,0
918,037429.jpg,1,0
919,037461.jpg,1,0
920,037469.jpg,1,0
922,037637.jpg,1,0
923,037638.jpg,1,0
924,037644.jpg,1,0
925,037682.jpg,0,0
927,037733.jpg,0,0
929,037766.jpg,1,0
931,037857.jpg,1,0
932,037874.jpg,1,0
933,037938.jpg,1,0
934,037942.jpg,0,0
935,037956.jpg,1,0
936,037961.jpg,1,0
937,037993.jpg,1,0
939,038030.jpg,1,0
940,038072.jpg,0,0
941,038086.jpg,0,0
942,038111.jpg,1,0
944,038200.jpg,1,0
945,038208.jpg,0,0
946,038228.jpg,0,0
947,038229.jpg,0,0
948,038299.jpg,1,0
952,038428.jpg,1,0
953,038438.jpg,1,0
954,038447.jpg,0,0
955,038459.jpg,0,0
957,038477.jpg,0,0
958,038577.jpg,0,0
959,038606.jpg,0,0
960,038631.jpg,0,0
961,038681.jpg,0,0
962,038684.jpg,0,0
964,038765.jpg,1,0
965,038770.jpg,1,0
967,038818.jpg,1,0
968,038856.jpg,0,0
969,038871.jpg,1,0
970,038892.jpg,1,0
972,038974.jpg,1,0
973,038998.jpg,0,0
974,039055.jpg,1,0
975,039075.jpg,0,0
976,039140.jpg,0,0
978,039238.jpg,1,0
979,039267.jpg,1,0
980,039374.jpg,1,0
981,039391.jpg,1,0
982,039418.jpg,0,0
983,039511.jpg,0,0
986,039552.jpg,0,0
989,039656.jpg,1,0
990,039657.jpg,0,0
991,039753.jpg,0,0
992,039762.jpg,1,0
993,039801.jpg,0,0
995,039870.jpg,1,0
996,039876.jpg,1,0
998,039905.jpg,0,0
999,039923.jpg,0,0
1000,039970.jpg,1,0
1001,039991.jpg,0,0
1002,040054.jpg,1,0
1003,040117.jpg,1,0
1004,040124.jpg,1,0
1005,040126.jpg,0,0
1006,040272.jpg,0,0
1007,040276.jpg,0,0
1008,040313.jpg,0,0
1009,040334.jpg,1,0
1011,040393.jpg,1,0
1013,040454.jpg,1,0
1014,040480.jpg,0,0
1015,040504.jpg,1,0
1016,040585.jpg,0,0
1017,040599.jpg,0,0
1018,040618.jpg,0,0
1019,040729.jpg,0,0
1020,040755.jpg,1,0
1021,040859.jpg,0,0
1022,040920.jpg,1,0
1023,040937.jpg,1,0
1024,040956.jpg,0,0
1025,040978.jpg,0,0
1026,041032.jpg,1,0
1027,041050.jpg,1,0
1028,041200.jpg,0,0
1029,041252.jpg,0,0
1030,041283.jpg,1,0
1031,041403.jpg,1,0
1032,041412.jpg,1,0
1033,041437.jpg,1,0
1034,041530.jpg,0,0
1035,041537.jpg,1,0
1037,041622.jpg,1,0
1038,041626.jpg,0,0
1040,041717.jpg,1,0
1041,041731.jpg,0,0
1044,042013.jpg,1,0
1045,042028.jpg,1,0
1046,042038.jpg,0,0
1047,042134.jpg,0,0
1048,042238.jpg,1,0
1050,042304.jpg,0,0
1051,042309.jpg,0,0
1053,042371.jpg,1,0
1054,042392.jpg,0,0
1055,042410.jpg,1,0
1056,042425.jpg,0,0
1057,042439.jpg,1,0
1058,042489.jpg,0,0
1059,042579.jpg,1,0
1060,042627.jpg,0,0
1061,042681.jpg,1,0
1065,042861.jpg,1,0
1066,042873.jpg,1,0
1067,042877.jpg,1,0
1068,042911.jpg,0,0
1069,042927.jpg,0,0
1070,043013.jpg,0,0
1071,043125.jpg,0,0
1074,043228.jpg,0,0
1076,043299.jpg,1,0
1077,043308.jpg,0,0
1078,043352.jpg,0,0
1079,043398.jpg,0,0
1080,043504.jpg,0,0
1081,043564.jpg,0,0
1082,043565.jpg,0,0
1083,043592.jpg,0,0
1084,043613.jpg,1,0
1085,043616.jpg,0,0
1086,043643.jpg,1,0
1087,043647.jpg,0,0
1088,043861.jpg,1,0
1090,044070.jpg,0,0
1091,044134.jpg,1,0
1092,044254.jpg,1,0
1094,044271.jpg,0,0
1095,044273.jpg,0,0
1096,044276.jpg,1,0
1097,044380.jpg,1,0
1098,044587.jpg,0,0
1099,044592.jpg,0,0
1101,044672.jpg,0,0
1102,044721.jpg,1,0
1103,044760.jpg,0,0
1104,044800.jpg,1,0
1105,044839.jpg,0,0
1106,044870.jpg,1,0
1107,044892.jpg,0,0
1109,044920.jpg,1,0
1110,044930.jpg,0,0
1112,044998.jpg,0,0
1113,045011.jpg,1,0
1114,045018.jpg,0,0
1115,045130.jpg,0,0
1116,045137.jpg,1,0
1117,045225.jpg,0,0
1121,045371.jpg,0,0
1122,045538.jpg,1,0
1123,045545.jpg,0,0
1124,045553.jpg,0,0
1126,045585.jpg,1,0
1127,045698.jpg,0,0
1128,045745.jpg,1,0
1130,045793.jpg,1,0
1131,045809.jpg,0,0
1132,045840.jpg,0,0
1133,045864.jpg,1,0
1134,045873.jpg,1,0
1135,045903.jpg,1,0
1136,045930.jpg,0,0
1137,045944.jpg,0,0
1138,045958.jpg,1,0
1140,046040.jpg,0,0
1141,046123.jpg,0,0
1142,046127.jpg,1,0
1143,046162.jpg,1,0
1144,046271.jpg,0,0
1145,046276.jpg,1,0
1146,046299.jpg,0,0
1147,046326.jpg,1,0
1148,046344.jpg,1,0
1149,046347.jpg,1,0
1150,046376.jpg,0,0
1151,046420.jpg,0,0
1152,046479.jpg,1,0
1153,046483.jpg,1,0
1154,046491.jpg,0,0
1155,046556.jpg,1,0
1156,046568.jpg,1,0
1158,046706.jpg,0,0
1159,046748.jpg,0,0
1160,046763.jpg,0,0
1161,046782.jpg,1,0
1162,046788.jpg,1,0
1163,046845.jpg,1,0
1164,046924.jpg,0,0
1165,046979.jpg,1,0
1166,047021.jpg,0,0
1171,047346.jpg,0,0
1172,047406.jpg,0,0
1173,047418.jpg,0,0
1174,047458.jpg,0,0
1175,047545.jpg,1,0
1176,047575.jpg,1,0
1177,047579.jpg,1,0
1178,047597.jpg,1,0
1179,047625.jpg,0,0
1181,047700.jpg,0,0
1182,047719.jpg,0,0
1183,047758.jpg,0,0
1184,047763.jpg,1,0
1185,047786.jpg,1,0
1186,047845.jpg,1,0
1187,047854.jpg,1,0
1188,047875.jpg,0,0
1189,047929.jpg,1,0
1190,047947.jpg,0,0
1192,047956.jpg,1,0
1193,047964.jpg,1,0
1194,047977.jpg,0,0
1196,047989.jpg,1,0
1197,048113.jpg,0,0
1199,048139.jpg,1,0
1200,048167.jpg,1,0
1201,048272.jpg,0,0
1202,048275.jpg,0,0
1203,048309.jpg,0,0
1204,048331.jpg,0,0
1206,048452.jpg,0,0
1207,048527.jpg,0,0
1208,048567.jpg,0,0
1209,048669.jpg,0,0
1211,048867.jpg,1,0
1212,048869.jpg,0,0
1214,048942.jpg,0,0
1215,049030.jpg,0,0
1216,049073.jpg,0,0
1217,049137.jpg,1,0
1218,049156.jpg,1,0
1219,049173.jpg,1,0
1220,049204.jpg,0,0
1221,049231.jpg,1,0
1222,049294.jpg,1,0
1223,049312.jpg,0,0
1224,049321.jpg,0,0
1226,049355.jpg,0,0
1227,049379.jpg,0,0
1228,049428.jpg,0,0
1229,049516.jpg,1,0
1232,049646.jpg,1,0
1233,049681.jpg,0,0
1234,049873.jpg,1,0
1235,049886.jpg,0,0
1236,049952.jpg,1,0
1237,049971.jpg,0,0
1238,049986.jpg,0,0
1239,050012.jpg,1,0
1240,050030.jpg,0,0
1241,050037.jpg,0,0
1242,050076.jpg,1,0
1243,050157.jpg,1,0
1244,050177.jpg,0,0
1245,050182.jpg,1,0
1247,050316.jpg,1,0
1248,050322.jpg,0,0
1249,050357.jpg,1,0
1250,050362.jpg,1,0
1252,050473.jpg,1,0
1253,050526.jpg,1,0
1254,050553.jpg,1,0
1255,050628.jpg,1,0
1256,050751.jpg,0,0
1257,050755.jpg,0,0
1258,050791.jpg,1,0
1259,050821.jpg,0,0
1260,050909.jpg,0,0
1261,051005.jpg,1,0
1262,051027.jpg,1,0
1263,051029.jpg,0,0
1264,051072.jpg,1,0
1265,051201.jpg,1,0
1266,051208.jpg,1,0
1267,051223.jpg,0,0
1268,051323.jpg,1,0
1270,051384.jpg,0,0
1271,051399.jpg,1,0
1272,051543.jpg,0,0
1273,051682.jpg,0,0
1274,051742.jpg,1,0
1275,051761.jpg,0,0
1276,051939.jpg,1,0
1279,052116.jpg,1,0
1280,052153.jpg,0,0
1282,052328.jpg,1,0
1283,052405.jpg,0,0
1285,052438.jpg,1,0
1286,052528.jpg,1,0
1287,052536.jpg,0,0
1289,052656.jpg,0,0
1290,052681.jpg,0,0
1291,052692.jpg,1,0
1292,052719.jpg,1,0
1293,052720.jpg,1,0
1294,052752.jpg,1,0
1295,052792.jpg,1,0
1296,052853.jpg,0,0
1297,052977.jpg,0,0
1298,052992.jpg,0,0
1299,053074.jpg,1,0
1300,053216.jpg,1,0
1301,053250.jpg,0,0
1303,053297.jpg,1,0
1304,053299.jpg,0,0
1305,053309.jpg,1,0
1306,053317.jpg,0,0
1307,053461.jpg,1,0
1308,053538.jpg,0,0
1310,053583.jpg,0,0
1312,053736.jpg,0,0
1313,053801.jpg,1,0
1314,053923.jpg,0,0
1315,053957.jpg,1,0
1318,054197.jpg,0,0
1320,054217.jpg,0,0
1321,054274.jpg,0,0
1322,054282.jpg,1,0
1323,054324.jpg,0,0
1324,054447.jpg,0,0
1326,054467.jpg,1,0
1327,054469.jpg,1,0
1328,054503.jpg,0,0
1329,054564.jpg,1,0
1330,054568.jpg,0,0
1331,054578.jpg,0,0
1332,054627.jpg,1,0
1333,054644.jpg,0,0
1334,054665.jpg,0,0
1335,054677.jpg,1,0
1336,054747.jpg,1,0
1337,054878.jpg,1,0
1338,054880.jpg,0,0
1339,054890.jpg,0,0
1340,054920.jpg,0,0
1342,054985.jpg,0,0
1343,055002.jpg,1,0
1345,055066.jpg,0,0
1346,055107.jpg,1,0
1348,055130.jpg,1,0
1349,055142.jpg,1,0
1351,055159.jpg,1,0
1356,055348.jpg,0,0
1357,055637.jpg,0,0
1358,055652.jpg,0,0
1360,055877.jpg,0,0
1361,055966.jpg,1,0
1362,055990.jpg,1,0
1363,055995.jpg,1,0
1364,055999.jpg,0,0
1365,056102.jpg,0,0
1366,056155.jpg,1,0
1368,056210.jpg,1,0
1369,056220.jpg,0,0
1370,056223.jpg,1,0
1371,056243.jpg,0,0
1372,056303.jpg,1,0
1375,056523.jpg,1,0
1377,056607.jpg,0,0
1378,056646.jpg,0,0
1379,056682.jpg,0,0
1381,056851.jpg,0,0
1382,056890.jpg,1,0
1386,057187.jpg,1,0
1388,057340.jpg,1,0
1389,057341.jpg,1,0
1390,057354.jpg,0,0
1391,057381.jpg,0,0
1392,057422.jpg,0,0
1393,057425.jpg,1,0
1394,057431.jpg,0,0
1395,057465.jpg,1,0
1397,057589.jpg,0,0
1399,057704.jpg,0,0
1400,057742.jpg,0,0
1401,057750.jpg,1,0
1402,057759.jpg,1,0
1403,057801.jpg,0,0
1404,057833.jpg,1,0
1405,057844.jpg,0,0
1406,057851.jpg,1,0
1407,057853.jpg,0,0
1408,057871.jpg,1,0
1409,057892.jpg,0,0
1410,057903.jpg,0,0
1411,057945.jpg,1,0
1412,057979.jpg,0,0
1413,058102.jpg,1,0
1414,058120.jpg,0,0
1415,058121.jpg,1,0
1417,058252.jpg,0,0
1418,058261.jpg,1,0
1420,058288.jpg,0,0
1421,058333.jpg,1,0
1422,058421.jpg,1,0
1423,058490.jpg,1,0
1424,058521.jpg,0,0
1426,058545.jpg,0,0
1427,058561.jpg,1,0
1428,058577.jpg,0,0
1429,058585.jpg,0,0
1431,058670.jpg,0,0
1432,058720.jpg,1,0
1433,058758.jpg,1,0
1435,058854.jpg,1,0
1436,058924.jpg,1,0
1437,058934.jpg,1,0
1438,058986.jpg,1,0
1439,059005.jpg,0,0
1441,059064.jpg,1,0
1442,059089.jpg,1,0
1443,059107.jpg,1,0
1444,059148.jpg,1,0
1445,059193.jpg,1,0
1446,059215.jpg,0,0
1449,059282.jpg,0,0
1450,059284.jpg,1,0
1452,059406.jpg,0,0
1453,059454.jpg,0,0
1454,059470.jpg,1,0
1455,059472.jpg,0,0
1456,059483.jpg,0,0
1457,059518.jpg,0,0
1458,059576.jpg,0,0
1459,059610.jpg,0,0
1460,059629.jpg,1,0
1461,059668.jpg,0,0
1463,059708.jpg,1,0
1464,059775.jpg,1,0
1465,059778.jpg,1,0
1467,059800.jpg,1,0
1468,059838.jpg,1,0
1470,059911.jpg,1,0
1472,059939.jpg,1,0
1473,060082.jpg,0,0
1474,060110.jpg,0,0
1476,060181.jpg,1,0
1477,060315.jpg,0,0
1478,060434.jpg,0,0
1479,060519.jpg,0,0
1480,060532.jpg,1,0
1481,060543.jpg,1,0
1482,060560.jpg,1,0
1483,060565.jpg,1,0
1484,060587.jpg,0,0
1486,060612.jpg,1,0
1487,060613.jpg,0,0
1489,060623.jpg,1,0
1490,060648.jpg,0,0
1491,060704.jpg,1,0
1492,060756.jpg,1,0
1493,060774.jpg,0,0
1494,060775.jpg,0,0
1495,060808.jpg,1,0
1496,060851.jpg,0,0
1498,060912.jpg,0,0
1499,060942.jpg,0,0
1500,060954.jpg,0,0
1501,060965.jpg,1,0
1502,060982.jpg,0,0
1503,061021.jpg,1,0
1505,061162.jpg,0,0
1507,061307.jpg,1,0
1508,061331.jpg,0,0
1509,061343.jpg,1,0
1510,061365.jpg,0,0
1511,061419.jpg,1,0
1512,061465.jpg,1,0
1513,061474.jpg,1,0
1514,061502.jpg,1,0
1515,061520.jpg,0,0
1516,061544.jpg,1,0
1517,061547.jpg,0,0
1518,061556.jpg,1,0
1519,061568.jpg,1,0
1520,061606.jpg,0,0
1521,061642.jpg,1,0
1522,061667.jpg,0,0
1523,061687.jpg,0,0
1525,061712.jpg,1,0
1526,061748.jpg,0,0
1527,061958.jpg,1,0
1528,062003.jpg,1,0
1529,062011.jpg,0,0
1530,062024.jpg,1,0
1531,062085.jpg,0,0
1532,062128.jpg,1,0
1533,062130.jpg,0,0
1534,062158.jpg,0,0
1535,062175.jpg,1,0
1536,062184.jpg,1,0
1537,062309.jpg,1,0
1538,062421.jpg,1,0
1539,062476.jpg,0,0
1540,062477.jpg,0,0
1542,062525.jpg,0,0
1543,062527.jpg,0,0
1545,062643.jpg,0,0
1546,062715.jpg,1,0
1547,062723.jpg,1,0
1548,062729.jpg,1,0
1549,062745.jpg,0,0
1551,062795.jpg,1,0
1552,062807.jpg,0,0
1553,062836.jpg,0,0
1554,062870.jpg,0,0
1556,062914.jpg,1,0
1557,062950.jpg,0,0
1558,062954.jpg,1,0
1559,062972.jpg,0,0
1560,063070.jpg,1,0
1561,063081.jpg,0,0
1564,063222.jpg,1,0
1565,063278.jpg,1,0
1566,063288.jpg,1,0
1567,063307.jpg,0,0
1568,063328.jpg,0,0
1569,063367.jpg,0,0
1570,063403.jpg,1,0
1571,063434.jpg,0,0
1572,063449.jpg,0,0
1573,063479.jpg,1,0
1574,063522.jpg,0,0
1575,063523.jpg,0,0
1576,063552.jpg,1,0
1577,063585.jpg,0,0
1578,063600.jpg,0,0
1579,063644.jpg,0,0
1580,063655.jpg,1,0
1581,063663.jpg,0,0
1582,063669.jpg,0,0
1583,063679.jpg,1,0
1584,063683.jpg,1,0
1585,063685.jpg,0,0
1587,063747.jpg,1,0
1588,063752.jpg,1,0
1589,063816.jpg,1,0
1591,063926.jpg,0,0
1592,063956.jpg,1,0
1593,064011.jpg,1,0
1595,064078.jpg,1,0
1596,064101.jpg,1,0
1597,064183.jpg,1,0
1599,064245.jpg,0,0
1600,064250.jpg,1,0
1601,064271.jpg,1,0
1602,064362.jpg,1,0
1604,064489.jpg,0,0
1605,064537.jpg,0,0
1606,064550.jpg,0,0
1607,064586.jpg,0,0
1608,064613.jpg,1,0
1610,064932.jpg,0,0
1611,064946.jpg,1,0
1612,064949.jpg,0,0
1613,064966.jpg,1,0
1617,065135.jpg,0,0
1618,065140.jpg,1,0
1619,065243.jpg,1,0
1620,065379.jpg,1,0
1621,065387.jpg,1,0
1622,065421.jpg,1,0
1625,065674.jpg,1,0
1626,065689.jpg,0,0
1627,065728.jpg,0,0
1628,065738.jpg,1,0
1629,065743.jpg,1,0
1630,065754.jpg,0,0
1631,065823.jpg,1,0
1632,065878.jpg,1,0
1634,065947.jpg,1,0
1635,065955.jpg,1,0
1636,066016.jpg,1,0
1637,066057.jpg,0,0
1638,066059.jpg,0,0
1640,066130.jpg,0,0
1641,066174.jpg,1,0
1642,066228.jpg,1,0
1643,066290.jpg,1,0
1644,066337.jpg,0,0
1645,066344.jpg,1,0
1646,066389.jpg,0,0
1647,066404.jpg,0,0
1648,066409.jpg,1,0
1649,066455.jpg,0,0
1651,066514.jpg,0,0
1652,066528.jpg,0,0
1653,066575.jpg,0,0
1655,066796.jpg,1,0
1656,066872.jpg,0,0
1657,066913.jpg,1,0
1659,067072.jpg,1,0
1660,067123.jpg,0,0
1661,067157.jpg,1,0
1662,067158.jpg,1,0
1663,067227.jpg,1,0
1664,067272.jpg,0,0
1665,067276.jpg,0,0
1666,067292.jpg,0,0
1667,067296.jpg,1,0
1668,067308.jpg,0,0
1669,067344.jpg,0,0
1670,067356.jpg,0,0
1671,067378.jpg,0,0
1672,067425.jpg,0,0
1673,067429.jpg,1,0
1674,067452.jpg,1,0
1675,067457.jpg,0,0
1676,067477.jpg,0,0
1677,067593.jpg,1,0
1679,067625.jpg,0,0
1681,067656.jpg,1,0
1682,067695.jpg,1,0
1683,067830.jpg,1,0
1684,067835.jpg,0,0
1685,067844.jpg,0,0
1686,067885.jpg,0,0
1687,067932.jpg,0,0
1688,067983.jpg,0,0
1689,068032.jpg,1,0
1690,068067.jpg,0,0
1691,068073.jpg,1,0
1692,068084.jpg,1,0
1693,068228.jpg,1,0
1694,068266.jpg,0,0
1695,068280.jpg,0,0
1696,068292.jpg,1,0
1697,068345.jpg,0,0
1698,068396.jpg,0,0
1699,068421.jpg,0,0
1700,068500.jpg,0,0
1701,068523.jpg,1,0
1702,068583.jpg,1,0
1703,068770.jpg,0,0
1704,068830.jpg,0,0
1705,068856.jpg,1,0
1706,068867.jpg,0,0
1707,068871.jpg,0,0
1708,068929.jpg,0,0
1709,068990.jpg,0,0
1710,069051.jpg,0,0
1713,069109.jpg,0,0
1715,069216.jpg,0,0
1716,069223.jpg,1,0
1717,069247.jpg,1,0
1718,069328.jpg,0,0
1719,069374.jpg,1,0
1720,069393.jpg,0,0
1722,069428.jpg,1,0
1723,069430.jpg,0,0
1724,069447.jpg,1,0
1725,069461.jpg,1,0
1726,069524.jpg,0,0
1727,069579.jpg,0,0
1728,069601.jpg,0,0
1729,069614.jpg,1,0
1730,069683.jpg,1,0
1732,069732.jpg,1,0
1733,069799.jpg,1,0
1735,069922.jpg,1,0
1736,069983.jpg,1,0
1737,070015.jpg,1,0
1738,070021.jpg,0,0
1739,070025.jpg,1,0
1740,070046.jpg,0,0
1741,070089.jpg,0,0
1742,070129.jpg,0,0
1743,070163.jpg,0,0
1745,070211.jpg,1,0
1746,070212.jpg,1,0
1748,070287.jpg,0,0
1749,070310.jpg,1,0
1750,070316.jpg,0,0
1751,070350.jpg,1,0
1752,070409.jpg,1,0
1753,070420.jpg,1,0
1754,070428.jpg,1,0
1755,070430.jpg,0,0
1756,070488.jpg,0,0
1757,070652.jpg,1,0
1759,070811.jpg,1,0
1760,070826.jpg,0,0
1762,070893.jpg,0,0
1763,070920.jpg,1,0
1765,071123.jpg,1,0
1766,071136.jpg,0,0
1768,071305.jpg,1,0
1769,071311.jpg,0,0
1770,071335.jpg,1,0
1771,071385.jpg,1,0
1772,071477.jpg,0,0
1773,071482.jpg,1,0
1775,071527.jpg,1,0
1776,071551.jpg,0,0
1778,071575.jpg,0,0
1780,071612.jpg,1,0
1781,071615.jpg,1,0
1783,071654.jpg,0,0
1784,071671.jpg,0,0
1785,071786.jpg,0,0
1786,071847.jpg,1,0
1788,071879.jpg,1,0
1789,071905.jpg,0,0
1790,072032.jpg,1,0
1791,072090.jpg,1,0
1792,072095.jpg,0,0
1793,072138.jpg,1,0
1794,072139.jpg,1,0
1796,072289.jpg,0,0
1797,072303.jpg,0,0
1798,072341.jpg,1,0
1801,072388.jpg,0,0
1802,072424.jpg,0,0
1803,072437.jpg,1,0
1804,072443.jpg,1,0
1805,072464.jpg,0,0
1806,072529.jpg,0,0
1807,072590.jpg,0,0
1808,072607.jpg,1,0
1809,072620.jpg,0,0
1811,072653.jpg,1,0
1812,072659.jpg,1,0
1813,072687.jpg,0,0
1816,072743.jpg,0,0
1817,072768.jpg,0,0
1818,072813.jpg,1,0
1819,072921.jpg,1,0
1821,072976.jpg,0,0
1822,073023.jpg,1,0
1823,073063.jpg,0,0
1824,073082.jpg,1,0
1826,073214.jpg,0,0
1827,073237.jpg,0,0
1828,073255.jpg,1,0
1829,073418.jpg,0,0
1831,073508.jpg,0,0
1832,073620.jpg,1,0
1833,073622.jpg,0,0
1834,073655.jpg,0,0
1835,073685.jpg,1,0
1836,073719.jpg,1,0
1837,073724.jpg,1,0
1838,073746.jpg,1,0
1839,073796.jpg,0,0
1841,073831.jpg,0,0
1842,073913.jpg,1,0
1843,073927.jpg,1,0
1844,073967.jpg,1,0
1845,073981.jpg,1,0
1846,074065.jpg,1,0
1848,074149.jpg,1,0
1849,074173.jpg,1,0
1850,074199.jpg,0,0
1851,074246.jpg,0,0
1852,074274.jpg,0,0
1853,074285.jpg,0,0
1854,074373.jpg,1,0
1856,074459.jpg,0,0
1857,074485.jpg,1,0
1858,074489.jpg,1,0
1859,074495.jpg,1,0
1860,074516.jpg,0,0
1861,074539.jpg,0,0
1862,074663.jpg,1,0
1864,074676.jpg,1,0
1865,074705.jpg,0,0
1866,074822.jpg,1,0
1867,074832.jpg,1,0
1868,074836.jpg,0,0
1869,074839.jpg,1,0
1870,074841.jpg,0,0
1874,075004.jpg,0,0
1875,075012.jpg,1,0
1876,075102.jpg,0,0
1878,075148.jpg,1,0
1880,075203.jpg,1,0
1881,075204.jpg,1,0
1882,075227.jpg,0,0
1883,075229.jpg,0,0
1884,075258.jpg,0,0
1885,075291.jpg,1,0
1886,075344.jpg,1,0
1887,075366.jpg,1,0
1888,075390.jpg,0,0
1889,075414.jpg,0,0
1891,075453.jpg,0,0
1894,075514.jpg,1,0
1895,075565.jpg,0,0
1896,075672.jpg,0,0
1897,075834.jpg,0,0
1898,075859.jpg,0,0
1899,075976.jpg,1,0
1900,076028.jpg,0,0
1901,076116.jpg,0,0
1902,076160.jpg,1,0
1904,076187.jpg,0,0
1905,076258.jpg,0,0
1906,076260.jpg,1,0
1907,076332.jpg,1,0
1908,076385.jpg,1,0
1911,076626.jpg,1,0
1912,076634.jpg,0,0
1913,076671.jpg,1,0
1915,076755.jpg,1,0
1916,076778.jpg,1,0
1918,076793.jpg,1,0
1919,076808.jpg,0,0
1920,076809.jpg,1,0
1921,076827.jpg,0,0
1922,077057.jpg,0,0
1923,077111.jpg,1,0
1924,077136.jpg,0,0
1925,077139.jpg,0,0
1926,077160.jpg,1,0
1928,077190.jpg,1,0
1929,077255.jpg,1,0
1931,077272.jpg,1,0
1932,077322.jpg,1,0
1933,077331.jpg,1,0
1934,077380.jpg,1,0
1936,077485.jpg,0,0
1937,077499.jpg,1,0
1940,077600.jpg,1,0
1941,077610.jpg,1,0
1942,077672.jpg,1,0
1943,077712.jpg,0,0
1944,077738.jpg,1,0
1945,077745.jpg,0,0
1946,077748.jpg,1,0
1947,077817.jpg,0,0
1948,077818.jpg,1,0
1949,077823.jpg,0,0
1951,077877.jpg,1,0
1953,078004.jpg,1,0
1955,078086.jpg,1,0
1956,078164.jpg,0,0
1957,078308.jpg,0,0
1958,078337.jpg,0,0
1959,078375.jpg,0,0
1960,078471.jpg,1,0
1961,078518.jpg,0,0
1962,078519.jpg,1,0
1963,078589.jpg,0,0
1964,078623.jpg,0,0
1965,078634.jpg,0,0
1966,078688.jpg,1,0
1967,078699.jpg,0,0
1968,078700.jpg,1,0
1969,078788.jpg,1,0
1970,078842.jpg,0,0
1972,079057.jpg,1,0
1973,079146.jpg,0,0
1974,079163.jpg,0,0
1975,079182.jpg,1,0
1976,079246.jpg,1,0
1978,079348.jpg,1,0
1979,079408.jpg,0,0
1981,079514.jpg,0,0
1982,079646.jpg,0,0
1983,079720.jpg,0,0
1984,079746.jpg,0,0
1985,079758.jpg,0,0
1986,079805.jpg,1,0
1987,079821.jpg,0,0
1988,079924.jpg,0,0
1990,080015.jpg,0,0
1992,080077.jpg,1,0
1993,080084.jpg,1,0
1994,080117.jpg,1,0
1995,080190.jpg,1,0
1996,080337.jpg,0,0
1997,080385.jpg,1,0
1998,080458.jpg,1,0
1999,080568.jpg,0,0
2000,080571.jpg,0,0
2001,080575.jpg,0,0
2002,080610.jpg,1,0
2003,080614.jpg,1,0
2004,080655.jpg,0,0
2005,080656.jpg,0,0
2006,080741.jpg,1,0
2007,080748.jpg,0,0
2008,080762.jpg,0,0
2009,080775.jpg,1,0
2010,080842.jpg,1,0
2011,080848.jpg,1,0
2012,080858.jpg,0,0
2013,080873.jpg,0,0
2014,080893.jpg,0,0
2015,080899.jpg,1,0
2016,080968.jpg,1,0
2018,081058.jpg,1,0
2019,081062.jpg,1,0
2020,081132.jpg,1,0
2021,081187.jpg,0,0
2022,081274.jpg,1,0
2023,081310.jpg,0,0
2024,081330.jpg,1,0
2025,081374.jpg,1,0
2026,081388.jpg,0,0
2028,081444.jpg,0,0
2030,081459.jpg,1,0
2031,081460.jpg,0,0
2032,081470.jpg,0,0
2033,081496.jpg,0,0
2034,081551.jpg,1,0
2035,081598.jpg,0,0
2036,081605.jpg,1,0
2037,081606.jpg,0,0
2038,081675.jpg,0,0
2039,081706.jpg,0,0
2040,081726.jpg,0,0
2041,081758.jpg,0,0
2042,081760.jpg,1,0
2043,081807.jpg,1,0
2044,081808.jpg,0,0
2045,081841.jpg,1,0
2047,081847.jpg,0,0
2049,081995.jpg,1,0
2050,081996.jpg,0,0
2051,082016.jpg,0,0
2053,082121.jpg,1,0
2054,082160.jpg,0,0
2055,082186.jpg,0,0
2056,082221.jpg,1,0
2057,082230.jpg,1,0
2058,082244.jpg,0,0
2059,082381.jpg,0,0
2060,082387.jpg,1,0
2061,082443.jpg,0,0
2062,082670.jpg,1,0
2063,082676.jpg,0,0
2064,082681.jpg,0,0
2065,082685.jpg,0,0
2067,082706.jpg,1,0
2068,082782.jpg,0,0
2069,082794.jpg,1,0
2070,082884.jpg,0,0
2071,082897.jpg,1,0
2072,082926.jpg,1,0
2074,082996.jpg,1,0
2075,083003.jpg,1,0
2076,083069.jpg,1,0
2078,083087.jpg,0,0
2079,083180.jpg,1,0
2080,083275.jpg,1,0
2083,083366.jpg,0,0
2084,083400.jpg,1,0
2086,083425.jpg,1,0
2087,083462.jpg,0,0
2088,083581.jpg,0,0
2090,083706.jpg,0,0
2091,083780.jpg,1,0
2092,083870.jpg,1,0
2093,083874.jpg,0,0
2094,083880.jpg,0,0
2098,084094.jpg,1,0
2099,084105.jpg,0,0
2100,084146.jpg,0,0
2103,084211.jpg,0,0
2104,084255.jpg,1,0
2106,084268.jpg,1,0
2108,084406.jpg,1,0
2109,084478.jpg,1,0
2110,084555.jpg,0,0
2112,084728.jpg,0,0
2113,084857.jpg,0,0
2114,084882.jpg,1,0
2115,084910.jpg,1,0
2116,084999.jpg,1,0
2117,085021.jpg,1,0
2118,085023.jpg,1,0
2120,085241.jpg,1,0
2121,085250.jpg,0,0
2122,085256.jpg,1,0
2125,085350.jpg,0,0
2127,085356.jpg,0,0
2129,085444.jpg,1,0
2130,085453.jpg,1,0
2131,085460.jpg,1,0
2133,085487.jpg,1,0
2134,085507.jpg,0,0
2136,085589.jpg,1,0
2137,085598.jpg,0,0
2138,085613.jpg,0,0
2139,085700.jpg,0,0
2140,085754.jpg,1,0
2141,085777.jpg,1,0
2142,085786.jpg,0,0
2143,085819.jpg,0,0
2144,085840.jpg,0,0
2145,085893.jpg,1,0
2147,085897.jpg,1,0
2148,085927.jpg,1,0
2149,085983.jpg,0,0
2150,086026.jpg,1,0
2152,086061.jpg,0,0
2153,086090.jpg,1,0
2155,086189.jpg,1,0
2156,086193.jpg,0,0
2157,086201.jpg,0,0
2158,086445.jpg,0,0
2159,086468.jpg,1,0
2163,086516.jpg,0,0
2164,086532.jpg,1,0
2165,086660.jpg,1,0
2168,086797.jpg,0,0
2169,086814.jpg,0,0
2170,086843.jpg,0,0
2171,086911.jpg,1,0
2175,087012.jpg,1,0
2176,087086.jpg,1,0
2177,087103.jpg,0,0
2178,087165.jpg,1,0
2181,087212.jpg,1,0
2182,087342.jpg,0,0
2183,087410.jpg,0,0
2184,087416.jpg,0,0
2185,087467.jpg,1,0
2186,087490.jpg,1,0
2187,087530.jpg,1,0
2188,087583.jpg,1,0
2189,087603.jpg,0,0
2190,087675.jpg,0,0
2191,087697.jpg,1,0
2192,087807.jpg,0,0
2193,087841.jpg,0,0
2194,087864.jpg,0,0
2195,087890.jpg,0,0
2197,088005.jpg,1,0
2198,088084.jpg,0,0
2199,088085.jpg,1,0
2200,088095.jpg,0,0
2201,088117.jpg,0,0
2202,088136.jpg,1,0
2203,088176.jpg,0,0
2204,088221.jpg,1,0
2207,088300.jpg,1,0
2208,088319.jpg,1,0
2209,088366.jpg,0,0
2210,088410.jpg,1,0
2211,088461.jpg,0,0
2213,088527.jpg,0,0
2214,088548.jpg,0,0
2216,088594.jpg,0,0
2217,088611.jpg,0,0
2218,088631.jpg,1,0
2219,088672.jpg,1,0
2220,088686.jpg,0,0
2222,088792.jpg,0,0
2223,088866.jpg,0,0
2224,088965.jpg,1,0
2225,089076.jpg,0,0
2226,089089.jpg,1,0
2227,089211.jpg,1,0
2228,089217.jpg,0,0
2229,089219.jpg,0,0
2230,089241.jpg,1,0
2231,089257.jpg,0,0
2232,089315.jpg,0,0
2233,089371.jpg,0,0
2234,089377.jpg,0,0
2235,089457.jpg,0,0
2236,089511.jpg,0,0
2237,089527.jpg,1,0
2238,089565.jpg,1,0
2239,089676.jpg,0,0
2240,089696.jpg,1,0
2241,089734.jpg,0,0
2243,089838.jpg,0,0
2244,089936.jpg,1,0
2245,089944.jpg,0,0
2246,089961.jpg,0,0
2247,090007.jpg,1,0
2249,090146.jpg,0,0
2250,090164.jpg,0,0
2251,090181.jpg,1,0
2252,090249.jpg,1,0
2253,090286.jpg,1,0
2254,090328.jpg,1,0
2255,090403.jpg,1,0
2256,090418.jpg,1,0
2257,090583.jpg,1,0
2258,090610.jpg,1,0
2259,090613.jpg,0,0
2260,090658.jpg,0,0
2263,090751.jpg,1,0
2264,090773.jpg,1,0
2265,090878.jpg,0,0
2266,090968.jpg,0,0
2267,090999.jpg,1,0
2268,091005.jpg,0,0
2269,091111.jpg,1,0
2270,091165.jpg,0,0
2271,091177.jpg,1,0
2272,091184.jpg,0,0
2273,091219.jpg,0,0
2274,091234.jpg,0,0
2275,091331.jpg,1,0
2276,091354.jpg,1,0
2277,091358.jpg,1,0
2278,091368.jpg,0,0
2279,091380.jpg,1,0
2280,091505.jpg,0,0
2281,091578.jpg,0,0
2282,091616.jpg,1,0
2283,091620.jpg,1,0
2284,091632.jpg,0,0
2285,091642.jpg,1,0
2286,091643.jpg,1,0
2287,091707.jpg,0,0
2290,091761.jpg,0,0
2291,091826.jpg,0,0
2293,091853.jpg,0,0
2294,091965.jpg,1,0
2295,091976.jpg,0,0
2297,092023.jpg,1,0
2298,092026.jpg,0,0
2299,092029.jpg,0,0
2300,092043.jpg,0,0
2301,092064.jpg,0,0
2302,092093.jpg,0,0
2303,092210.jpg,1,0
2306,092252.jpg,1,0
2307,092400.jpg,1,0
2310,092481.jpg,1,0
2311,092545.jpg,0,0
2312,092548.jpg,0,0
2313,092551.jpg,1,0
2314,092561.jpg,1,0
2315,092562.jpg,0,0
2316,092574.jpg,1,0
2317,092605.jpg,1,0
2318,092630.jpg,1,0
2321,092804.jpg,1,0
2322,092932.jpg,0,0
2323,092966.jpg,1,0
2324,093002.jpg,0,0
2325,093015.jpg,0,0
2326,093110.jpg,0,0
2328,093176.jpg,0,0
2329,093185.jpg,1,0
2330,093213.jpg,1,0
2331,093251.jpg,1,0
2332,093260.jpg,0,0
2333,093280.jpg,1,0
2334,093294.jpg,1,0
2335,093346.jpg,1,0
2336,093419.jpg,1,0
2337,093459.jpg,0,0
2338,093469.jpg,0,0
2339,093542.jpg,0,0
2340,093552.jpg,0,0
2341,093565.jpg,1,0
2342,093636.jpg,0,0
2344,093675.jpg,1,0
2345,093710.jpg,1,0
2346,093805.jpg,0,0
2347,093856.jpg,1,0
2348,093870.jpg,1,0
2349,093928.jpg,0,0
2350,093931.jpg,1,0
2355,094024.jpg,0,0
2357,094089.jpg,0,0
2358,094108.jpg,1,0
2359,094141.jpg,1,0
2360,094145.jpg,0,0
2361,094222.jpg,0,0
2362,094223.jpg,1,0
2363,094274.jpg,1,0
2364,094352.jpg,0,0
2365,094361.jpg,1,0
2366,094417.jpg,0,0
2367,094473.jpg,0,0
2368,094489.jpg,0,0
2369,094601.jpg,0,0
2370,094617.jpg,0,0
2371,094746.jpg,0,0
2372,094751.jpg,0,0
2373,094784.jpg,1,0
2374,094846.jpg,0,0
2377,094914.jpg,1,0
2378,094915.jpg,1,0
2379,094946.jpg,0,0
2380,095034.jpg,0,0
2381,095178.jpg,0,0
2382,095311.jpg,0,0
2383,095327.jpg,0,0
2384,095372.jpg,0,0
2385,095378.jpg,1,0
2387,095426.jpg,0,0
2388,095456.jpg,0,0
2390,095480.jpg,0,0
2391,095487.jpg,0,0
2392,095534.jpg,1,0
2394,095725.jpg,1,0
2396,095881.jpg,1,0
2397,095887.jpg,0,0
2398,095896.jpg,0,0
2399,095920.jpg,1,0
2400,095924.jpg,1,0
2401,095962.jpg,0,0
2404,095987.jpg,1,0
2405,096011.jpg,1,0
2406,096108.jpg,1,0
2407,096120.jpg,0,0
2409,096134.jpg,0,0
2410,096135.jpg,1,0
2411,096167.jpg,1,0
2412,096168.jpg,0,0
2413,096178.jpg,1,0
2414,096185.jpg,1,0
2415,096196.jpg,1,0
2416,096261.jpg,1,0
2417,096301.jpg,0,0
2418,096347.jpg,0,0
2419,096360.jpg,1,0
2420,096404.jpg,1,0
2423,096459.jpg,1,0
2424,096467.jpg,0,0
2428,096795.jpg,0,0
2429,096853.jpg,0,0
2430,096943.jpg,0,0
2432,097164.jpg,1,0
2433,097249.jpg,0,0
2434,097268.jpg,0,0
2435,097357.jpg,0,0
2436,097471.jpg,1,0
2437,097492.jpg,1,0
2440,097608.jpg,0,0
2441,097796.jpg,0,0
2442,097815.jpg,0,0
2443,097853.jpg,0,0
2444,097859.jpg,1,0
2446,097892.jpg,1,0
2447,097966.jpg,1,0
2448,098032.jpg,0,0
2449,098046.jpg,0,0
2450,098097.jpg,1,0
2451,098123.jpg,0,0
2452,098124.jpg,0,0
2454,098232.jpg,0,0
2456,098258.jpg,0,0
2458,098335.jpg,1,0
2459,098337.jpg,1,0
2460,098410.jpg,0,0
2461,098428.jpg,0,0
2462,098446.jpg,0,0
2463,098518.jpg,0,0
2464,098574.jpg,0,0
2465,098583.jpg,1,0
2466,098718.jpg,1,0
2467,098745.jpg,0,0
2468,098757.jpg,1,0
2470,098831.jpg,1,0
2471,098838.jpg,0,0
2473,098987.jpg,0,0
2474,098990.jpg,1,0
2475,098992.jpg,0,0
2476,099012.jpg,0,0
2477,099076.jpg,0,0
2478,099147.jpg,0,0
2480,099246.jpg,1,0
2481,099278.jpg,0,0
2482,099279.jpg,0,0
2483,099311.jpg,0,0
2485,099387.jpg,0,0
2487,099431.jpg,1,0
2488,099496.jpg,1,0
2489,099517.jpg,1,0
2491,099639.jpg,0,0
2492,099764.jpg,0,0
2493,099769.jpg,1,0
2494,099777.jpg,0,0
2495,099801.jpg,1,0
2497,099877.jpg,0,0
2498,100023.jpg,0,0
2500,100096.jpg,0,0
2502,100122.jpg,1,0
2503,100163.jpg,0,0
2504,100175.jpg,0,0
2505,100190.jpg,0,0
2506,100195.jpg,1,0
2507,100216.jpg,0,0
2508,100232.jpg,1,0
2509,100403.jpg,1,0
2510,100409.jpg,0,0
2511,100432.jpg,0,0
2512,100434.jpg,0,0
2513,100465.jpg,1,0
2514,100538.jpg,1,0
2515,100554.jpg,0,0
2516,100666.jpg,1,0
2518,100711.jpg,1,0
2520,100877.jpg,1,0
2521,100916.jpg,1,0
2523,101062.jpg,1,0
2524,101084.jpg,1,0
2525,101103.jpg,0,0
2526,101154.jpg,0,0
2528,101180.jpg,0,0
2529,101221.jpg,1,0
2530,101241.jpg,1,0
2531,101345.jpg,0,0
2532,101391.jpg,1,0
2533,101464.jpg,1,0
2534,101557.jpg,1,0
2536,101582.jpg,1,0
2537,101606.jpg,0,0
2538,101642.jpg,0,0
2539,101708.jpg,0,0
2541,101783.jpg,0,0
2542,101817.jpg,0,0
2543,101851.jpg,0,0
2544,102038.jpg,0,0
2545,102093.jpg,0,0
2546,102106.jpg,0,0
2547,102185.jpg,1,0
2548,102241.jpg,1,0
2549,102292.jpg,1,0
2553,102625.jpg,1,0
2554,102634.jpg,0,0
2555,102645.jpg,1,0
2556,102698.jpg,0,0
2557,102709.jpg,0,0
2559,102821.jpg,1,0
2560,102865.jpg,1,0
2561,102867.jpg,0,0
2562,102878.jpg,0,0
2563,102913.jpg,1,0
2564,102935.jpg,0,0
2565,102936.jpg,1,0
2566,103099.jpg,0,0
2567,103146.jpg,0,0
2568,103250.jpg,1,0
2569,103262.jpg,1,0
2570,103311.jpg,1,0
2571,103410.jpg,0,0
2572,103415.jpg,1,0
2573,103439.jpg,1,0
2574,103457.jpg,1,0
2576,103504.jpg,1,0
2577,103510.jpg,1,0
2578,103525.jpg,0,0
2579,103560.jpg,0,0
2580,103564.jpg,0,0
2581,103567.jpg,0,0
2582,103579.jpg,1,0
2583,103602.jpg,1,0
2584,103631.jpg,0,0
2585,103643.jpg,1,0
2586,103730.jpg,1,0
2587,103754.jpg,0,0
2589,103816.jpg,1,0
2590,104089.jpg,1,0
2591,104113.jpg,0,0
2592,104115.jpg,0,0
2593,104227.jpg,0,0
2594,104244.jpg,1,0
2595,104417.jpg,0,0
2596,104570.jpg,0,0
2597,104576.jpg,1,0
2598,104595.jpg,1,0
2599,104777.jpg,0,0
2601,104802.jpg,0,0
2602,104825.jpg,0,0
2603,104944.jpg,1,0
2604,104976.jpg,0,0
2608,105160.jpg,0,0
2609,105161.jpg,0,0
2610,105200.jpg,0,0
2611,105355.jpg,1,0
2612,105472.jpg,0,0
2613,105490.jpg,1,0
2614,105501.jpg,1,0
2617,105674.jpg,1,0
2618,105828.jpg,0,0
2619,105863.jpg,0,0
2620,105926.jpg,1,0
2622,105964.jpg,1,0
2623,105980.jpg,0,0
2624,105986.jpg,0,0
2626,106127.jpg,1,0
2628,106167.jpg,0,0
2629,106192.jpg,0,0
2631,106253.jpg,0,0
2632,106361.jpg,1,0
2634,106547.jpg,1,0
2636,106614.jpg,1,0
2637,106620.jpg,0,0
2638,106629.jpg,1,0
2639,106643.jpg,1,0
2640,106722.jpg,1,0
2641,106794.jpg,1,0
2642,106797.jpg,1,0
2644,106880.jpg,0,0
2645,106912.jpg,0,0
2646,106958.jpg,0,0
2647,107074.jpg,0,0
2648,107209.jpg,1,0
2649,107210.jpg,1,0
2650,107217.jpg,1,0
2653,107306.jpg,1,0
2654,107346.jpg,0,0
2656,107363.jpg,1,0
2657,107369.jpg,0,0
2658,107486.jpg,0,0
2659,107503.jpg,0,0
2660,107517.jpg,0,0
2661,107536.jpg,1,0
2662,107624.jpg,0,0
2663,107717.jpg,0,0
2664,108039.jpg,0,0
2665,108059.jpg,0,0
2667,108094.jpg,1,0
2668,108121.jpg,0,0
2669,108181.jpg,1,0
2670,108233.jpg,1,0
2672,108367.jpg,0,0
2674,108398.jpg,0,0
2675,108405.jpg,1,0
2676,108425.jpg,1,0
2677,108540.jpg,1,0
2678,108568.jpg,1,0
2679,108617.jpg,0,0
2682,108680.jpg,1,0
2683,108698.jpg,0,0
2684,108799.jpg,1,0
2687,108931.jpg,1,0
2688,108937.jpg,0,0
2689,108989.jpg,0,0
2690,109013.jpg,0,0
2691,109047.jpg,1,0
2694,109254.jpg,1,0
2695,109263.jpg,1,0
2696,109310.jpg,0,0
2697,109411.jpg,1,0
2698,109505.jpg,0,0
2699,109509.jpg,0,0
2700,109518.jpg,1,0
2702,109596.jpg,0,0
2703,109677.jpg,1,0
2704,109687.jpg,0,0
2705,109701.jpg,1,0
2706,109703.jpg,0,0
2707,109721.jpg,0,0
2708,109744.jpg,1,0
2709,109805.jpg,1,0
2710,109877.jpg,1,0
2711,109883.jpg,0,0
2712,109897.jpg,1,0
2713,109947.jpg,0,0
2714,109959.jpg,0,0
2715,109979.jpg,0,0
2716,110003.jpg,1,0
2717,110086.jpg,0,0
2718,110250.jpg,1,0
2719,110387.jpg,1,0
2720,110439.jpg,0,0
2721,110446.jpg,0,0
2722,110502.jpg,1,0
2723,110536.jpg,1,0
2724,110574.jpg,0,0
2726,110756.jpg,1,0
2728,110770.jpg,1,0
2729,110815.jpg,1,0
2730,110900.jpg,1,0
2731,110918.jpg,1,0
2732,111009.jpg,0,0
2733,111033.jpg,0,0
2734,111052.jpg,1,0
2736,111104.jpg,1,0
2737,111235.jpg,0,0
2739,111408.jpg,1,0
2741,111414.jpg,1,0
2742,111420.jpg,1,0
2743,111428.jpg,0,0
2744,111430.jpg,0,0
2745,111449.jpg,1,0
2746,111457.jpg,1,0
2747,111493.jpg,1,0
2748,111574.jpg,0,0
2749,111589.jpg,0,0
2751,111690.jpg,0,0
2752,111771.jpg,0,0
2754,111885.jpg,0,0
2755,111893.jpg,0,0
2756,111902.jpg,0,0
2758,111980.jpg,1,0
2759,112013.jpg,1,0
2760,112086.jpg,0,0
2761,112158.jpg,1,0
2762,112180.jpg,1,0
2763,112213.jpg,1,0
2764,112242.jpg,1,0
2765,112327.jpg,0,0
2766,112347.jpg,1,0
2767,112357.jpg,0,0
2768,112381.jpg,0,0
2769,112410.jpg,0,0
2770,112434.jpg,1,0
2771,112465.jpg,1,0
2772,112468.jpg,0,0
2773,112529.jpg,1,0
2774,112579.jpg,0,0
2775,112620.jpg,1,0
2776,112679.jpg,0,0
2778,112747.jpg,0,0
2779,112774.jpg,0,0
2781,112818.jpg,0,0
2782,112902.jpg,0,0
2783,112990.jpg,1,0
2784,113022.jpg,1,0
2785,113059.jpg,1,0
2786,113104.jpg,0,0
2787,113179.jpg,0,0
2788,113211.jpg,0,0
2789,113213.jpg,1,0
2790,113228.jpg,1,0
2791,113230.jpg,1,0
2792,113261.jpg,1,0
2793,113268.jpg,1,0
2794,113282.jpg,1,0
2795,113441.jpg,0,0
2796,113482.jpg,1,0
2797,113570.jpg,0,0
2798,113580.jpg,0,0
2799,113614.jpg,0,0
2800,113617.jpg,1,0
2803,113758.jpg,1,0
2804,113816.jpg,0,0
2805,113866.jpg,1,0
2806,113880.jpg,1,0
2807,113892.jpg,0,0
2808,113907.jpg,0,0
2810,113930.jpg,0,0
2811,113979.jpg,1,0
2813,113993.jpg,0,0
2814,114010.jpg,1,0
2816,114117.jpg,1,0
2817,114141.jpg,1,0
2818,114191.jpg,0,0
2819,114297.jpg,1,0
2820,114323.jpg,0,0
2821,114355.jpg,0,0
2822,114417.jpg,0,0
2823,114444.jpg,0,0
2824,114479.jpg,0,0
2825,114598.jpg,0,0
2826,114674.jpg,0,0
2827,114758.jpg,1,0
2828,114866.jpg,1,0
2829,114961.jpg,0,0
2830,114989.jpg,1,0
2831,114994.jpg,1,0
2832,115023.jpg,1,0
2833,115117.jpg,0,0
2834,115131.jpg,0,0
2835,115235.jpg,0,0
2837,115290.jpg,1,0
2838,115327.jpg,1,0
2839,115389.jpg,0,0
2840,115403.jpg,1,0
2842,115497.jpg,1,0
2843,115505.jpg,0,0
2844,115524.jpg,1,0
2845,115657.jpg,1,0
2846,115683.jpg,1,0
2847,115691.jpg,0,0
2848,115739.jpg,1,0
2849,115768.jpg,1,0
2850,115785.jpg,1,0
2851,115865.jpg,1,0
2852,115908.jpg,0,0
2853,115931.jpg,0,0
2854,116002.jpg,1,0
2855,116073.jpg,0,0
2856,116091.jpg,0,0
2857,116105.jpg,0,0
2858,116187.jpg,0,0
2859,116188.jpg,0,0
2861,116203.jpg,0,0
2862,116204.jpg,1,0
2863,116263.jpg,0,0
2864,116270.jpg,0,0
2865,116326.jpg,1,0
2866,116408.jpg,0,0
2867,116484.jpg,1,0
2868,116488.jpg,0,0
2869,116506.jpg,1,0
2870,116548.jpg,1,0
2871,116559.jpg,1,0
2873,116655.jpg,0,0
2874,116694.jpg,0,0
2875,116832.jpg,1,0
2876,116839.jpg,0,0
2877,116852.jpg,1,0
2878,116941.jpg,0,0
2879,117046.jpg,0,0
2880,117118.jpg,1,0
2881,117225.jpg,1,0
2882,117227.jpg,0,0
2883,117232.jpg,1,0
2884,117362.jpg,0,0
2885,117410.jpg,0,0
2886,117443.jpg,0,0
2887,117461.jpg,1,0
2889,117501.jpg,0,0
2890,117513.jpg,1,0
2892,117667.jpg,1,0
2893,117668.jpg,0,0
2894,117742.jpg,0,0
2895,117747.jpg,0,0
2897,117842.jpg,0,0
2898,117853.jpg,1,0
2899,117932.jpg,0,0
2900,118005.jpg,1,0
2901,118034.jpg,1,0
2904,118123.jpg,1,0
2905,118181.jpg,1,0
2906,118206.jpg,1,0
2907,118325.jpg,0,0
2908,118327.jpg,1,0
2909,118361.jpg,0,0
2910,118379.jpg,1,0
2911,118428.jpg,0,0
2912,118433.jpg,0,0
2913,118434.jpg,0,0
2914,118448.jpg,0,0
2915,118478.jpg,1,0
2916,118538.jpg,0,0
2918,118778.jpg,1,0
2919,118900.jpg,0,0
2921,119038.jpg,0,0
2922,119051.jpg,1,0
2923,119055.jpg,1,0
2924,119135.jpg,1,0
2925,119163.jpg,0,0
2927,119273.jpg,0,0
2929,119435.jpg,1,0
2930,119478.jpg,0,0
2931,119527.jpg,0,0
2932,119561.jpg,1,0
2933,119567.jpg,0,0
2934,119568.jpg,1,0
2935,119587.jpg,1,0
2937,119653.jpg,0,0
2940,119686.jpg,1,0
2941,119693.jpg,0,0
2942,119733.jpg,1,0
2943,119734.jpg,0,0
2944,119741.jpg,0,0
2945,119816.jpg,0,0
2949,120022.jpg,1,0
2951,120103.jpg,1,0
2952,120212.jpg,0,0
2954,120252.jpg,0,0
2955,120258.jpg,1,0
2956,120322.jpg,1,0
2961,120507.jpg,1,0
2962,120543.jpg,1,0
2963,120599.jpg,1,0
2964,120607.jpg,0,0
2965,120627.jpg,1,0
2966,120642.jpg,0,0
2967,120646.jpg,1,0
2969,120795.jpg,1,0
2970,120847.jpg,0,0
2971,120860.jpg,0,0
2972,120877.jpg,1,0
2973,120908.jpg,0,0
2974,120938.jpg,1,0
2976,120971.jpg,0,0
2977,120975.jpg,0,0
2978,120990.jpg,0,0
2979,121055.jpg,1,0
2980,121070.jpg,0,0
2981,121161.jpg,0,0
2982,121163.jpg,0,0
2983,121203.jpg,0,0
2984,121243.jpg,1,0
2985,121309.jpg,1,0
2986,121496.jpg,1,0
2990,121742.jpg,1,0
2991,121762.jpg,1,0
2992,121788.jpg,1,0
2993,121822.jpg,1,0
2994,121842.jpg,1,0
2996,121950.jpg,1,0
2998,122039.jpg,1,0
2999,122143.jpg,1,0
3000,122145.jpg,1,0
3002,122166.jpg,1,0
3003,122169.jpg,0,0
3004,122192.jpg,0,0
3005,122279.jpg,1,0
3006,122315.jpg,1,0
3009,122488.jpg,1,0
3010,122501.jpg,0,0
3011,122512.jpg,0,0
3012,122602.jpg,1,0
3013,122681.jpg,0,0
3014,122683.jpg,0,0
3015,122740.jpg,0,0
3016,122747.jpg,1,0
3018,122822.jpg,1,0
3019,122866.jpg,1,0
3020,122908.jpg,1,0
3021,122947.jpg,1,0
3025,123178.jpg,0,0
3026,123186.jpg,1,0
3027,123213.jpg,0,0
3028,123284.jpg,1,0
3029,123300.jpg,1,0
3032,123400.jpg,0,0
3033,123407.jpg,0,0
3034,123487.jpg,0,0
3035,123514.jpg,1,0
3036,123615.jpg,1,0
3038,123661.jpg,0,0
3040,123776.jpg,1,0
3041,123795.jpg,1,0
3042,123819.jpg,0,0
3043,123835.jpg,1,0
3044,123929.jpg,0,0
3045,124022.jpg,1,0
3047,124210.jpg,1,0
3048,124250.jpg,0,0
3049,124279.jpg,0,0
3050,124339.jpg,0,0
3051,124345.jpg,1,0
3053,124365.jpg,0,0
3054,124438.jpg,0,0
3055,124534.jpg,0,0
3056,124559.jpg,1,0
3057,124603.jpg,0,0
3058,124686.jpg,0,0
3059,124704.jpg,1,0
3060,124819.jpg,1,0
3061,124824.jpg,1,0
3062,124838.jpg,1,0
3063,124857.jpg,1,0
3064,124865.jpg,1,0
3066,124919.jpg,1,0
3067,125013.jpg,0,0
3068,125026.jpg,1,0
3069,125028.jpg,1,0
3070,125045.jpg,1,0
3071,125062.jpg,1,0
3073,125404.jpg,0,0
3074,125464.jpg,1,0
3075,125534.jpg,0,0
3076,125599.jpg,1,0
3078,125675.jpg,0,0
3079,125710.jpg,0,0
3080,125753.jpg,1,0
3082,125803.jpg,1,0
3083,125826.jpg,1,0
3084,125862.jpg,1,0
3085,125871.jpg,1,0
3086,125880.jpg,0,0
3087,125904.jpg,1,0
3088,125989.jpg,1,0
3089,126038.jpg,1,0
3091,126098.jpg,1,0
3092,126186.jpg,0,0
3093,126227.jpg,0,0
3094,126265.jpg,1,0
3095,126266.jpg,1,0
3096,126270.jpg,0,0
3097,126409.jpg,0,0
3098,126444.jpg,1,0
3100,126519.jpg,0,0
3101,126551.jpg,1,0
3102,126569.jpg,0,0
3103,126577.jpg,0,0
3104,126598.jpg,1,0
3105,126613.jpg,0,0
3106,126620.jpg,1,0
3107,126716.jpg,0,0
3108,126728.jpg,0,0
3110,126835.jpg,1,0
3111,126880.jpg,1,0
3112,127031.jpg,0,0
3113,127172.jpg,1,0
3114,127180.jpg,0,0
3115,127192.jpg,1,0
3116,127374.jpg,0,0
3117,127411.jpg,0,0
3118,127416.jpg,0,0
3121,127488.jpg,0,0
3122,127519.jpg,1,0
3123,127541.jpg,0,0
3124,127572.jpg,1,0
3126,127653.jpg,0,0
3128,127818.jpg,0,0
3129,127855.jpg,1,0
3132,127962.jpg,0,0
3133,127965.jpg,0,0
3134,127971.jpg,0,0
3135,128021.jpg,1,0
3136,128123.jpg,0,0
3138,128158.jpg,1,0
3141,128229.jpg,1,0
3142,128252.jpg,1,0
3143,128266.jpg,1,0
3144,128353.jpg,1,0
3145,128360.jpg,0,0
3146,128399.jpg,1,0
3149,128433.jpg,1,0
3150,128506.jpg,1,0
3151,128545.jpg,0,0
3152,128628.jpg,0,0
3153,128631.jpg,1,0
3154,128637.jpg,0,0
3155,128694.jpg,1,0
3156,128797.jpg,1,0
3157,128802.jpg,0,0
3158,128809.jpg,1,0
3159,128816.jpg,1,0
3160,128899.jpg,0,0
3161,128911.jpg,0,0
3162,128925.jpg,1,0
3163,128937.jpg,1,0
3164,129002.jpg,0,0
3166,129064.jpg,1,0
3169,129152.jpg,1,0
3170,129195.jpg,1,0
3171,129208.jpg,0,0
3172,129275.jpg,0,0
3173,129288.jpg,1,0
3174,129307.jpg,0,0
3176,129341.jpg,1,0
3177,129371.jpg,0,0
3178,129451.jpg,1,0
3179,129568.jpg,1,0
3180,129585.jpg,0,0
3181,129622.jpg,1,0
3182,129630.jpg,1,0
3183,129651.jpg,1,0
3185,129715.jpg,0,0
3186,129722.jpg,0,0
3187,129790.jpg,0,0
3189,129916.jpg,1,0
3190,129972.jpg,1,0
3191,129980.jpg,0,0
3192,130037.jpg,0,0
3194,130131.jpg,1,0
3195,130253.jpg,1,0
3196,130261.jpg,0,0
3197,130292.jpg,1,0
3198,130513.jpg,0,0
3200,130656.jpg,0,0
3201,130671.jpg,1,0
3202,130747.jpg,0,0
3204,130853.jpg,0,0
3205,130855.jpg,1,0
3207,130878.jpg,1,0
3208,130948.jpg,1,0
3210,130964.jpg,0,0
3211,130987.jpg,1,0
3212,131068.jpg,1,0
3213,131144.jpg,1,0
3215,131190.jpg,0,0
3216,131218.jpg,1,0
3217,131393.jpg,0,0
3218,131410.jpg,0,0
3219,131426.jpg,1,0
3220,131454.jpg,0,0
3221,131459.jpg,0,0
3222,131462.jpg,1,0
3223,131502.jpg,1,0
3225,131585.jpg,0,0
3226,131608.jpg,0,0
3227,131613.jpg,1,0
3228,131619.jpg,0,0
3229,131756.jpg,0,0
3230,131787.jpg,1,0
3231,131874.jpg,0,0
3232,131891.jpg,1,0
3233,131911.jpg,0,0
3234,132047.jpg,0,0
3235,132053.jpg,0,0
3236,132075.jpg,0,0
3237,132087.jpg,1,0
3238,132101.jpg,0,0
3239,132113.jpg,1,0
3240,132133.jpg,1,0
3241,132136.jpg,1,0
3242,132175.jpg,1,0
3243,132189.jpg,0,0
3244,132256.jpg,1,0
3245,132284.jpg,0,0
3246,132318.jpg,0,0
3247,132389.jpg,0,0
3248,132401.jpg,1,0
3249,132444.jpg,0,0
3251,132574.jpg,0,0
3252,132620.jpg,0,0
3253,132701.jpg,0,0
3254,132702.jpg,1,0
3255,132706.jpg,0,0
3256,132759.jpg,0,0
3257,132796.jpg,1,0
3258,132807.jpg,1,0
3259,132950.jpg,1,0
3260,133043.jpg,0,0
3261,133062.jpg,0,0
3262,133066.jpg,1,0
3263,133149.jpg,0,0
3264,133181.jpg,1,0
3265,133220.jpg,1,0
3266,133229.jpg,0,0
3267,133335.jpg,1,0
3268,133341.jpg,0,0
3269,133411.jpg,1,0
3270,133422.jpg,1,0
3271,133426.jpg,0,0
3272,133439.jpg,1,0
3273,133455.jpg,1,0
3274,133459.jpg,0,0
3276,133479.jpg,0,0
3277,133480.jpg,0,0
3278,133529.jpg,0,0
3279,133612.jpg,1,0
3280,133639.jpg,0,0
3284,133710.jpg,0,0
3285,133834.jpg,0,0
3286,133900.jpg,0,0
3287,133904.jpg,1,0
3288,133945.jpg,0,0
3289,133948.jpg,0,0
3290,133990.jpg,0,0
3291,134016.jpg,1,0
3292,134065.jpg,0,0
3293,134077.jpg,0,0
3294,134098.jpg,1,0
3295,134099.jpg,1,0
3296,134123.jpg,0,0
3297,134275.jpg,1,0
3298,134322.jpg,1,0
3301,134438.jpg,1,0
3302,134457.jpg,0,0
3303,134477.jpg,0,0
3304,134535.jpg,1,0
3305,134609.jpg,1,0
3306,134653.jpg,1,0
3307,134671.jpg,0,0
3308,134691.jpg,0,0
3309,134747.jpg,0,0
3310,134768.jpg,1,0
3311,134806.jpg,0,0
3313,134854.jpg,1,0
3314,134889.jpg,0,0
3315,134897.jpg,1,0
3317,134970.jpg,1,0
3318,134986.jpg,0,0
3319,135052.jpg,1,0
3321,135173.jpg,1,0
3322,135232.jpg,0,0
3323,135289.jpg,0,0
3324,135319.jpg,1,0
3325,135364.jpg,0,0
3326,135375.jpg,0,0
3327,135446.jpg,1,0
3329,135503.jpg,1,0
3330,135557.jpg,1,0
3331,135584.jpg,0,0
3332,135634.jpg,1,0
3333,135665.jpg,0,0
3334,135686.jpg,0,0
3335,135725.jpg,1,0
3336,135755.jpg,0,0
3337,135817.jpg,1,0
3338,135841.jpg,1,0
3339,135872.jpg,1,0
3340,135946.jpg,0,0
3341,136054.jpg,1,0
3342,136170.jpg,1,0
3343,136187.jpg,0,0
3344,136189.jpg,1,0
3346,136326.jpg,1,0
3347,136331.jpg,1,0
3348,136375.jpg,1,0
3349,136396.jpg,1,0
3350,136429.jpg,1,0
3352,136513.jpg,1,0
3353,136534.jpg,1,0
3354,136581.jpg,0,0
3358,136837.jpg,0,0
3359,137085.jpg,0,0
3360,137197.jpg,0,0
3361,137231.jpg,1,0
3362,137241.jpg,0,0
3363,137245.jpg,1,0
3365,137297.jpg,1,0
3366,137304.jpg,1,0
3368,137329.jpg,1,0
3369,137345.jpg,0,0
3370,137346.jpg,0,0
3371,137371.jpg,1,0
3372,137376.jpg,1,0
3373,137378.jpg,0,0
3374,137413.jpg,1,0
3375,137441.jpg,0,0
3379,137515.jpg,0,0
3380,137557.jpg,1,0
3381,137562.jpg,0,0
3382,137579.jpg,1,0
3383,137596.jpg,1,0
3384,137601.jpg,0,0
3385,137648.jpg,0,0
3386,137674.jpg,1,0
3387,137725.jpg,1,0
3388,137754.jpg,0,0
3389,137836.jpg,1,0
3390,137844.jpg,0,0
3391,137860.jpg,0,0
3392,137871.jpg,1,0
3394,138049.jpg,0,0
3395,138134.jpg,1,0
3396,138156.jpg,0,0
3397,138162.jpg,1,0
3398,138209.jpg,1,0
3399,138212.jpg,1,0
3401,138353.jpg,1,0
3402,138369.jpg,0,0
3403,138425.jpg,1,0
3404,138464.jpg,1,0
3405,138473.jpg,0,0
3407,138542.jpg,1,0
3408,138576.jpg,1,0
3409,138591.jpg,0,0
3410,138598.jpg,0,0
3411,138606.jpg,0,0
3412,138768.jpg,1,0
3413,138881.jpg,0,0
3414,138886.jpg,0,0
3416,138907.jpg,1,0
3417,138973.jpg,0,0
3418,139006.jpg,0,0
3419,139017.jpg,1,0
3421,139109.jpg,0,0
3422,139126.jpg,1,0
3423,139132.jpg,1,0
3425,139283.jpg,0,0
3426,139338.jpg,1,0
3427,139339.jpg,1,0
3428,139366.jpg,1,0
3429,139378.jpg,0,0
3430,139406.jpg,1,0
3431,139457.jpg,1,0
3432,139471.jpg,1,0
3433,139514.jpg,1,0
3434,139521.jpg,1,0
3436,139594.jpg,0,0
3437,139611.jpg,1,0
3440,139666.jpg,1,0
3441,139722.jpg,1,0
3442,139728.jpg,0,0
3443,139732.jpg,1,0
3444,139747.jpg,1,0
3446,139832.jpg,1,0
3448,139881.jpg,1,0
3451,139895.jpg,0,0
3452,139925.jpg,1,0
3453,139932.jpg,0,0
3454,139971.jpg,1,0
3455,139978.jpg,1,0
3456,140132.jpg,0,0
3457,140166.jpg,1,0
3458,140189.jpg,1,0
3459,140223.jpg,1,0
3461,140422.jpg,1,0
3462,140446.jpg,0,0
3463,140504.jpg,0,0
3464,140546.jpg,0,0
3465,140570.jpg,1,0
3467,140687.jpg,1,0
3468,140723.jpg,0,0
3469,140798.jpg,1,0
3470,140843.jpg,0,0
3471,140844.jpg,0,0
3472,140867.jpg,1,0
3473,140871.jpg,1,0
3474,140930.jpg,1,0
3475,140938.jpg,1,0
3476,140954.jpg,0,0
3478,140986.jpg,0,0
3479,141043.jpg,0,0
3480,141067.jpg,1,0
3481,141089.jpg,0,0
3482,141123.jpg,1,0
3483,141161.jpg,1,0
3484,141323.jpg,1,0
3485,141412.jpg,1,0
3486,141418.jpg,1,0
3487,141510.jpg,0,0
3488,141649.jpg,1,0
3489,141662.jpg,1,0
3491,141716.jpg,0,0
3492,141741.jpg,0,0
3493,141794.jpg,1,0
3494,141820.jpg,0,0
3495,141822.jpg,1,0
3496,141825.jpg,0,0
3497,141830.jpg,0,0
3498,141847.jpg,0,0
3499,141862.jpg,1,1
3500,141894.jpg,1,1
3501,141916.jpg,0,1
3502,141990.jpg,0,1
3505,142057.jpg,1,1
3506,142060.jpg,1,1
3507,142089.jpg,1,1
3508,142142.jpg,0,1
3509,142223.jpg,1,1
3510,142237.jpg,1,1
3512,142262.jpg,0,1
3513,142296.jpg,0,1
3514,142313.jpg,0,1
3515,142340.jpg,1,1
3516,142445.jpg,0,1
3517,142486.jpg,1,1
3519,142502.jpg,0,1
3520,142563.jpg,0,1
3521,142586.jpg,1,1
3522,142646.jpg,1,1
3523,142664.jpg,1,1
3524,142676.jpg,0,1
3525,142705.jpg,1,1
3526,142729.jpg,0,1
3527,142740.jpg,1,1
3528,142792.jpg,1,1
3529,142807.jpg,1,1
3530,142819.jpg,0,1
3531,142834.jpg,0,1
3532,142891.jpg,0,1
3534,142940.jpg,1,1
3535,142943.jpg,1,1
3536,142967.jpg,1,1
3537,143015.jpg,1,1
3538,143055.jpg,1,1
3539,143093.jpg,1,1
3540,143103.jpg,1,1
3541,143162.jpg,1,1
3543,143203.jpg,1,1
3544,143246.jpg,0,1
3545,143255.jpg,1,1
3546,143308.jpg,0,1
3547,143402.jpg,1,1
3548,143433.jpg,1,1
3549,143474.jpg,1,1
3550,143490.jpg,0,1
3551,143574.jpg,1,1
3552,143581.jpg,0,1
3553,143593.jpg,0,1
3554,143612.jpg,0,1
3555,143617.jpg,0,1
3556,143624.jpg,0,1
3557,143641.jpg,1,1
3558,143646.jpg,0,1
3560,143743.jpg,0,1
3561,143759.jpg,1,1
3562,143873.jpg,0,1
3563,143905.jpg,1,1
3564,143951.jpg,0,1
3565,143970.jpg,0,1
3566,144002.jpg,1,1
3567,144075.jpg,1,1
3568,144164.jpg,0,1
3569,144180.jpg,1,1
3570,144210.jpg,1,1
3571,144215.jpg,1,1
3572,144223.jpg,1,1
3573,144229.jpg,0,1
3574,144249.jpg,1,1
3575,144313.jpg,1,1
3576,144352.jpg,1,1
3577,144371.jpg,0,1
3580,144409.jpg,1,1
3581,144410.jpg,1,1
3582,144461.jpg,1,1
3583,144503.jpg,1,1
3584,144548.jpg,0,1
3586,144594.jpg,0,1
3587,144602.jpg,1,1
3588,144670.jpg,0,1
3590,144697.jpg,0,1
3591,144763.jpg,0,1
3593,144893.jpg,1,1
3594,144904.jpg,0,1
3595,144937.jpg,1,1
3596,144965.jpg,0,1
3597,145034.jpg,0,1
3599,145154.jpg,0,1
3600,145180.jpg,0,1
3602,145261.jpg,0,1
3604,145331.jpg,1,1
3605,145334.jpg,1,1
3607,145470.jpg,0,1
3610,145664.jpg,0,1
3611,145689.jpg,1,1
3612,145742.jpg,0,1
3613,145776.jpg,1,1
3616,145884.jpg,1,1
3617,145965.jpg,1,1
3618,145987.jpg,1,1
3619,145999.jpg,0,1
3620,146067.jpg,1,1
3621,146069.jpg,0,1
3624,146169.jpg,1,1
3625,146221.jpg,0,1
3626,146235.jpg,0,1
3627,146301.jpg,1,1
3628,146318.jpg,1,1
3630,146516.jpg,1,1
3631,146534.jpg,1,1
3632,146638.jpg,1,1
3633,146795.jpg,0,1
3636,146917.jpg,1,1
3637,146962.jpg,1,1
3638,146985.jpg,0,1
3639,147016.jpg,0,1
3640,147037.jpg,1,1
3641,147046.jpg,0,1
3642,147165.jpg,1,1
3643,147184.jpg,0,1
3646,147405.jpg,1,1
3647,147424.jpg,0,1
3648,147434.jpg,0,1
3649,147455.jpg,0,1
3650,147457.jpg,1,1
3651,147488.jpg,0,1
3652,147526.jpg,1,1
3653,147530.jpg,1,1
3654,147605.jpg,1,1
3655,147637.jpg,1,1
3656,147643.jpg,0,1
3657,147680.jpg,0,1
3658,147715.jpg,1,1
3660,147774.jpg,0,1
3661,147778.jpg,0,1
3663,147877.jpg,0,1
3664,147886.jpg,1,1
3665,147930.jpg,1,1
3667,147959.jpg,0,1
3668,148007.jpg,0,1
3670,148048.jpg,1,1
3671,148050.jpg,0,1
3673,148289.jpg,0,1
3674,148295.jpg,1,1
3675,148297.jpg,0,1
3676,148304.jpg,0,1
3678,148327.jpg,0,1
3679,148339.jpg,1,1
3680,148357.jpg,0,1
3681,148399.jpg,0,1
3683,148494.jpg,0,1
3684,148515.jpg,0,1
3685,148534.jpg,0,1
3686,148560.jpg,1,1
3687,148633.jpg,1,1
3689,148900.jpg,0,1
3690,148972.jpg,0,1
3692,149021.jpg,1,1
3693,149023.jpg,1,1
3694,149085.jpg,0,1
3696,149272.jpg,0,1
3697,149303.jpg,0,1
3698,149304.jpg,0,1
3699,149337.jpg,1,1
3700,149445.jpg,0,1
3701,149459.jpg,0,1
3702,149502.jpg,0,1
3703,149582.jpg,0,1
3704,149603.jpg,1,1
3705,149605.jpg,0,1
3706,149637.jpg,0,1
3708,149675.jpg,0,1
3709,149705.jpg,1,1
3710,149792.jpg,1,1
3711,149801.jpg,1,1
3712,149866.jpg,0,1
3713,149915.jpg,1,1
3714,149948.jpg,1,1
3715,150031.jpg,1,1
3716,150075.jpg,0,1
3717,150092.jpg,1,1
3718,150169.jpg,1,1
3721,150218.jpg,0,1
3722,150228.jpg,0,1
3723,150267.jpg,0,1
3725,150353.jpg,1,1
3726,150366.jpg,0,1
3727,150377.jpg,0,1
3728,150507.jpg,0,1
3729,150511.jpg,0,1
3730,150512.jpg,1,1
3731,150519.jpg,0,1
3732,150542.jpg,1,1
3733,150589.jpg,1,1
3734,150631.jpg,1,1
3735,150648.jpg,1,1
3737,150688.jpg,0,1
3738,150698.jpg,0,1
3739,150699.jpg,0,1
3740,150707.jpg,0,1
3741,150717.jpg,1,1
3744,150908.jpg,0,1
3745,150974.jpg,1,1
3746,150981.jpg,0,1
3748,151122.jpg,1,1
3750,151152.jpg,1,1
3751,151212.jpg,1,1
3753,151284.jpg,1,1
3754,151288.jpg,1,1
3756,151367.jpg,0,1
3758,151442.jpg,0,1
3761,151517.jpg,0,1
3762,151526.jpg,1,1
3763,151546.jpg,1,1
3764,151547.jpg,1,1
3765,151620.jpg,1,1
3766,151641.jpg,0,1
3767,151714.jpg,0,1
3768,151724.jpg,0,1
3769,151801.jpg,1,1
3770,151802.jpg,0,1
3771,151846.jpg,0,1
3772,151869.jpg,0,1
3773,151945.jpg,0,1
3774,152003.jpg,0,1
3775,152004.jpg,0,1
3776,152076.jpg,0,1
3777,152080.jpg,1,1
3778,152177.jpg,0,1
3780,152439.jpg,1,1
3781,152460.jpg,0,1
3782,152466.jpg,1,1
3783,152467.jpg,1,1
3784,152479.jpg,1,1
3785,152516.jpg,0,1
3786,152566.jpg,1,1
3787,152577.jpg,1,1
3788,152658.jpg,1,1
3789,152677.jpg,1,1
3790,152685.jpg,0,1
3791,152691.jpg,0,1
3792,152692.jpg,1,1
3794,152705.jpg,0,1
3796,152786.jpg,0,1
3797,152825.jpg,1,1
3798,152900.jpg,0,1
3799,152965.jpg,1,1
3800,152971.jpg,0,1
3802,153001.jpg,0,1
3803,153014.jpg,1,1
3804,153060.jpg,1,1
3805,153153.jpg,1,1
3806,153178.jpg,0,1
3807,153229.jpg,0,1
3808,153278.jpg,0,1
3809,153310.jpg,1,1
3810,153331.jpg,0,1
3811,153377.jpg,1,1
3812,153401.jpg,1,1
3813,153453.jpg,1,1
3814,153461.jpg,0,1
3815,153475.jpg,1,1
3816,153504.jpg,0,1
3817,153522.jpg,1,1
3819,153626.jpg,1,1
3820,153635.jpg,0,1
3821,153691.jpg,1,1
3822,153759.jpg,1,1
3823,153777.jpg,1,1
3824,153808.jpg,0,1
3825,153824.jpg,0,1
3826,153844.jpg,0,1
3827,153888.jpg,1,1
3828,153964.jpg,1,1
3829,153972.jpg,0,1
3832,154110.jpg,1,1
3833,154128.jpg,1,1
3834,154239.jpg,0,1
3835,154249.jpg,0,1
3836,154278.jpg,0,1
3837,154289.jpg,0,1
3838,154295.jpg,1,1
3839,154299.jpg,0,1
3840,154302.jpg,0,1
3841,154318.jpg,1,1
3843,154432.jpg,0,1
3844,154445.jpg,1,1
3846,154493.jpg,1,1
3848,154515.jpg,0,1
3849,154579.jpg,1,1
3850,154606.jpg,1,1
3852,154671.jpg,0,1
3856,154888.jpg,0,1
3857,154927.jpg,0,1
3858,154982.jpg,1,1
3859,155025.jpg,1,1
3860,155030.jpg,1,1
3861,155033.jpg,0,1
3862,155105.jpg,0,1
3863,155107.jpg,1,1
3864,155130.jpg,0,1
3865,155182.jpg,1,1
3866,155200.jpg,1,1
3867,155271.jpg,1,1
3868,155292.jpg,1,1
3870,155345.jpg,0,1
3871,155434.jpg,1,1
3872,155458.jpg,0,1
3873,155616.jpg,1,1
3874,155620.jpg,0,1
3875,155650.jpg,1,1
3876,155770.jpg,0,1
3877,155810.jpg,0,1
3878,155844.jpg,1,1
3879,155849.jpg,0,1
3880,155920.jpg,0,1
3881,155940.jpg,1,1
3882,156071.jpg,1,1
3883,156110.jpg,0,1
3884,156141.jpg,1,1
3885,156168.jpg,0,1
3886,156177.jpg,1,1
3887,156311.jpg,1,1
3889,156408.jpg,0,1
3890,156572.jpg,1,1
3891,156669.jpg,0,1
3892,156685.jpg,0,1
3894,156884.jpg,0,1
3895,156920.jpg,0,1
3896,156955.jpg,1,1
3897,156997.jpg,1,1
3899,157119.jpg,1,1
3901,157137.jpg,0,1
3902,157170.jpg,1,1
3903,157187.jpg,1,1
3904,157191.jpg,1,1
3906,157253.jpg,0,1
3907,157333.jpg,1,1
3908,157437.jpg,0,1
3909,157629.jpg,0,1
3910,157680.jpg,0,1
3911,157683.jpg,0,1
3913,157753.jpg,1,1
3914,157762.jpg,0,1
3915,157788.jpg,1,1
3916,157799.jpg,1,1
3918,157875.jpg,1,1
3919,157895.jpg,0,1
3920,157981.jpg,1,1
3921,157994.jpg,1,1
3922,158021.jpg,0,1
3924,158285.jpg,0,1
3925,158334.jpg,1,1
3927,158358.jpg,0,1
3928,158373.jpg,1,1
3930,158450.jpg,1,1
3931,158608.jpg,1,1
3933,158638.jpg,1,1
3935,158747.jpg,0,1
3936,158756.jpg,1,1
3939,158984.jpg,0,1
3940,159003.jpg,0,1
3941,159081.jpg,0,1
3942,159126.jpg,0,1
3943,159152.jpg,0,1
3944,159226.jpg,1,1
3946,159412.jpg,0,1
3947,159424.jpg,0,1
3948,159444.jpg,0,1
3949,159454.jpg,1,1
3951,159493.jpg,1,1
3952,159543.jpg,0,1
3953,159570.jpg,1,1
3954,159580.jpg,1,1
3956,159589.jpg,1,1
3957,159609.jpg,1,1
3958,159627.jpg,1,1
3959,159883.jpg,1,1
3961,159910.jpg,1,1
3962,159952.jpg,0,1
3963,159970.jpg,0,1
3964,159991.jpg,1,1
3965,159994.jpg,1,1
3966,160014.jpg,1,1
3967,160075.jpg,1,1
3969,160168.jpg,0,1
3970,160209.jpg,1,1
3972,160302.jpg,1,1
3973,160322.jpg,1,1
3974,160351.jpg,0,1
3975,160360.jpg,0,1
3976,160575.jpg,1,1
3977,160576.jpg,0,1
3979,160663.jpg,1,1
3981,160716.jpg,0,1
3982,160764.jpg,0,1
3983,160812.jpg,0,1
3985,160985.jpg,0,1
3986,161263.jpg,1,1
3987,161265.jpg,0,1
3988,161341.jpg,0,1
3989,161393.jpg,0,1
3990,161412.jpg,0,1
3991,161417.jpg,1,1
3993,161471.jpg,1,1
3994,161481.jpg,0,1
3995,161490.jpg,0,1
3997,161518.jpg,1,1
3998,161590.jpg,0,1
3999,161601.jpg,1,1
4000,161635.jpg,1,1
4003,161770.jpg,1,1
4004,161805.jpg,0,1
4006,161951.jpg,1,1
4007,162122.jpg,0,1
4008,162189.jpg,0,1
4009,162191.jpg,0,1
4010,162243.jpg,0,1
4012,162274.jpg,1,1
4013,162315.jpg,1,1
4014,162341.jpg,0,1
4015,162383.jpg,0,1
4016,162396.jpg,1,1
4017,162413.jpg,0,1
4018,162448.jpg,0,1
4019,162465.jpg,0,1
4020,162571.jpg,1,1
4021,162637.jpg,0,1
4022,162722.jpg,0,1
4023,162729.jpg,0,1
4025,162837.jpg,0,1
4027,162864.jpg,1,1
4028,162904.jpg,1,1
4029,162922.jpg,0,1
4030,163060.jpg,1,1
4031,163120.jpg,0,1
4032,163164.jpg,1,1
4033,163221.jpg,1,1
4034,163281.jpg,0,1
4035,163288.jpg,0,1
4036,163411.jpg,1,1
4037,163425.jpg,1,1
4038,163435.jpg,0,1
4040,163506.jpg,1,1
4042,163609.jpg,0,1
4043,163628.jpg,1,1
4044,163698.jpg,1,1
4045,163725.jpg,0,1
4046,163742.jpg,1,1
4047,163751.jpg,0,1
4048,163766.jpg,1,1
4049,163792.jpg,0,1
4050,163917.jpg,0,1
4052,163947.jpg,1,1
4054,163983.jpg,1,1
4055,163997.jpg,1,1
4056,164095.jpg,0,1
4057,164208.jpg,1,1
4058,164266.jpg,1,1
4060,164318.jpg,1,1
4061,164324.jpg,0,1
4062,164361.jpg,0,1
4063,164375.jpg,1,1
4066,164405.jpg,0,1
4068,164514.jpg,1,1
4069,164527.jpg,0,1
4071,164683.jpg,1,1
4074,164749.jpg,0,1
4075,164884.jpg,0,1
4076,164898.jpg,1,1
4077,164933.jpg,1,1
4078,164947.jpg,0,1
4079,164953.jpg,1,1
4080,165009.jpg,1,1
4081,165022.jpg,1,1
4082,165154.jpg,1,1
4084,165166.jpg,1,1
4086,165210.jpg,0,1
4087,165237.jpg,1,1
4088,165292.jpg,1,1
4089,165315.jpg,1,1
4090,165371.jpg,0,1
4092,165434.jpg,1,1
4093,165464.jpg,1,1
4094,165471.jpg,1,1
4095,165500.jpg,1,1
4096,165532.jpg,0,1
4097,165540.jpg,1,1
4098,165541.jpg,1,1
4099,165586.jpg,0,1
4100,165633.jpg,0,1
4101,165764.jpg,0,1
4102,165804.jpg,0,1
4103,165808.jpg,1,1
4104,165811.jpg,0,1
4105,165813.jpg,1,1
4107,165837.jpg,1,1
4108,165880.jpg,0,1
4109,165926.jpg,0,1
4111,166021.jpg,1,1
4112,166053.jpg,0,1
4116,166157.jpg,1,1
4117,166173.jpg,1,1
4118,166198.jpg,1,1
4120,166264.jpg,0,1
4121,166311.jpg,0,1
4122,166316.jpg,0,1
4123,166510.jpg,1,1
4125,166735.jpg,0,1
4126,166736.jpg,0,1
4128,166912.jpg,0,1
4129,166955.jpg,1,1
4130,166991.jpg,1,1
4133,167195.jpg,1,1
4134,167217.jpg,0,1
4135,167265.jpg,0,1
4136,167312.jpg,1,1
4137,167323.jpg,0,1
4138,167437.jpg,1,1
4139,167491.jpg,0,1
4140,167509.jpg,0,1
4141,167570.jpg,0,1
4142,167592.jpg,0,1
4143,167617.jpg,0,1
4144,167650.jpg,0,1
4145,167674.jpg,1,1
4146,167728.jpg,0,1
4147,167791.jpg,1,1
4148,167799.jpg,0,1
4149,167825.jpg,1,1
4150,167921.jpg,1,1
4151,167937.jpg,1,1
4153,168112.jpg,1,1
4155,168221.jpg,0,1
4156,168318.jpg,0,1
4157,168354.jpg,0,1
4158,168355.jpg,1,1
4159,168361.jpg,1,1
4161,168599.jpg,1,1
4162,168646.jpg,1,1
4163,168654.jpg,0,1
4164,168765.jpg,0,1
4165,168772.jpg,1,1
4166,168952.jpg,0,1
4167,168979.jpg,0,1
4169,169089.jpg,0,1
4170,169115.jpg,1,1
4171,169130.jpg,0,1
4172,169139.jpg,0,1
4174,169185.jpg,1,1
4177,169295.jpg,0,1
4179,169415.jpg,0,1
4180,169476.jpg,0,1
4181,169511.jpg,0,1
4182,169519.jpg,0,1
4183,169521.jpg,1,1
4184,169623.jpg,1,1
4185,169690.jpg,1,1
4186,169696.jpg,0,1
4188,169913.jpg,0,1
4189,169973.jpg,1,1
4190,169986.jpg,0,1
4191,170081.jpg,0,1
4192,170102.jpg,0,1
4193,170130.jpg,0,1
4194,170207.jpg,0,1
4195,170253.jpg,1,1
4196,170283.jpg,0,1
4197,170319.jpg,0,1
4198,170334.jpg,1,1
4199,170401.jpg,0,1
4200,170432.jpg,1,1
4201,170540.jpg,1,1
4204,170665.jpg,0,1
4205,170667.jpg,1,1
4206,170685.jpg,0,1
4208,170767.jpg,0,1
4209,170789.jpg,1,1
4210,170807.jpg,0,1
4211,170816.jpg,0,1
4212,170818.jpg,1,1
4213,170853.jpg,1,1
4215,170869.jpg,0,1
4216,170973.jpg,1,1
4217,170988.jpg,0,1
4218,171041.jpg,1,1
4219,171056.jpg,0,1
4220,171087.jpg,0,1
4221,171108.jpg,0,1
4223,171167.jpg,1,1
4224,171228.jpg,1,1
4225,171229.jpg,0,1
4226,171232.jpg,1,1
4227,171265.jpg,1,1
4229,171300.jpg,0,1
4231,171498.jpg,1,1
4232,171521.jpg,1,1
4233,171522.jpg,1,1
4234,171594.jpg,1,1
4235,171790.jpg,1,1
4236,171807.jpg,1,1
4237,171819.jpg,0,1
4238,171848.jpg,1,1
4239,171987.jpg,0,1
4240,172024.jpg,1,1
4241,172061.jpg,1,1
4242,172092.jpg,0,1
4243,172098.jpg,1,1
4244,172158.jpg,0,1
4246,172210.jpg,0,1
4247,172274.jpg,0,1
4249,172394.jpg,0,2
4250,172481.jpg,1,2
4252,172622.jpg,0,2
4253,172638.jpg,0,2
4254,172640.jpg,0,2
4255,172716.jpg,1,2
4256,172735.jpg,0,2
4257,172776.jpg,1,2
4258,172795.jpg,1,2
4259,172924.jpg,0,2
4261,172996.jpg,0,2
4263,173106.jpg,0,2
4265,173183.jpg,0,2
4266,173201.jpg,1,2
4267,173205.jpg,1,2
4268,173215.jpg,1,2
4269,173249.jpg,1,2
4270,173279.jpg,1,2
4271,173287.jpg,1,2
4272,173290.jpg,0,2
4274,173321.jpg,1,2
4275,173340.jpg,1,2
4276,173377.jpg,1,2
4277,173404.jpg,1,2
4278,173412.jpg,0,2
4279,173426.jpg,1,2
4280,173439.jpg,0,2
4281,173448.jpg,0,2
4282,173453.jpg,1,2
4285,173582.jpg,0,2
4287,173619.jpg,1,2
4288,173653.jpg,1,2
4289,173660.jpg,1,2
4292,173789.jpg,1,2
4293,173814.jpg,0,2
4294,173957.jpg,0,2
4295,173962.jpg,0,2
4296,174054.jpg,0,2
4297,174236.jpg,1,2
4299,174300.jpg,1,2
4300,174330.jpg,1,2
4301,174354.jpg,1,2
4302,174442.jpg,1,2
4303,174512.jpg,0,2
4304,174526.jpg,1,2
4305,174542.jpg,1,2
4306,174608.jpg,0,2
4308,174659.jpg,0,2
4309,174684.jpg,0,2
4311,174790.jpg,1,2
4312,174797.jpg,0,2
4313,174813.jpg,1,2
4314,174831.jpg,1,2
4315,174832.jpg,1,2
4316,174909.jpg,1,2
4317,174927.jpg,0,2
4320,175092.jpg,1,2
4321,175169.jpg,1,2
4322,175241.jpg,0,2
4323,175248.jpg,1,2
4324,175262.jpg,1,2
4325,175298.jpg,1,2
4327,175358.jpg,1,2
4328,175370.jpg,0,2
4330,175500.jpg,0,2
4331,175518.jpg,1,2
4332,175533.jpg,0,2
4333,175537.jpg,0,2
4335,175645.jpg,0,2
4336,175648.jpg,0,2
4337,175704.jpg,0,2
4339,175714.jpg,0,2
4340,175732.jpg,1,2
4341,175736.jpg,0,2
4342,175789.jpg,1,2
4343,175867.jpg,1,2
4344,175902.jpg,1,2
4345,175928.jpg,0,2
4346,175978.jpg,1,2
4347,176052.jpg,0,2
4348,176080.jpg,0,2
4349,176130.jpg,0,2
4350,176147.jpg,1,2
4351,176201.jpg,0,2
4352,176230.jpg,1,2
4354,176477.jpg,1,2
4355,176484.jpg,1,2
4356,176522.jpg,1,2
4357,176531.jpg,1,2
4358,176547.jpg,0,2
4359,176614.jpg,0,2
4360,176620.jpg,1,2
4362,176670.jpg,0,2
4363,176683.jpg,1,2
4367,176750.jpg,1,2
4368,176759.jpg,1,2
4369,176803.jpg,0,2
4371,176915.jpg,1,2
4372,176926.jpg,1,2
4373,176960.jpg,1,2
4374,176970.jpg,0,2
4375,177018.jpg,0,2
4376,177019.jpg,1,2
4377,177061.jpg,0,2
4378,177128.jpg,0,2
4379,177248.jpg,0,2
4380,177301.jpg,0,2
4381,177304.jpg,0,2
4382,177325.jpg,0,2
4383,177346.jpg,1,2
4384,177395.jpg,0,2
4385,177420.jpg,0,2
4386,177434.jpg,0,2
4387,177440.jpg,0,2
4388,177561.jpg,0,2
4389,177575.jpg,1,2
4390,177613.jpg,1,2
4391,177724.jpg,0,2
4392,177805.jpg,1,2
4394,177828.jpg,0,2
4395,177977.jpg,1,2
4396,178033.jpg,0,2
4397,178038.jpg,1,2
4398,178051.jpg,1,2
4399,178055.jpg,1,2
4400,178115.jpg,0,2
4401,178143.jpg,1,2
4402,178224.jpg,1,2
4403,178278.jpg,1,2
4404,178308.jpg,0,2
4405,178382.jpg,1,2
4406,178512.jpg,0,2
4407,178539.jpg,1,2
4408,178556.jpg,0,2
4411,178695.jpg,0,2
4412,178736.jpg,0,2
4413,178780.jpg,1,2
4414,178873.jpg,1,2
4415,178877.jpg,0,2
4416,178896.jpg,0,2
4418,178988.jpg,0,2
4419,179121.jpg,0,2
4421,179226.jpg,1,2
4422,179270.jpg,1,2
4423,179288.jpg,1,2
4424,179296.jpg,0,2
4426,179336.jpg,0,2
4427,179377.jpg,1,2
4428,179410.jpg,1,2
4430,179475.jpg,0,2
4431,179507.jpg,1,2
4432,179566.jpg,0,2
4433,179568.jpg,0,2
4434,179597.jpg,1,2
4435,179662.jpg,0,2
4436,179723.jpg,1,2
4437,179725.jpg,0,2
4438,179727.jpg,1,2
4439,179796.jpg,0,2
4440,179845.jpg,0,2
4443,179926.jpg,1,2
4444,179927.jpg,0,2
4445,179991.jpg,1,2
4446,180021.jpg,0,2
4448,180077.jpg,1,2
4449,180127.jpg,0,2
4450,180139.jpg,1,2
4453,180418.jpg,0,2
4454,180438.jpg,0,2
4455,180458.jpg,1,2
4456,180485.jpg,0,2
4457,180512.jpg,0,2
4458,180583.jpg,1,2
4459,180586.jpg,0,2
4460,180630.jpg,1,2
4461,180637.jpg,0,2
4462,180679.jpg,1,2
4463,180686.jpg,1,2
4464,180761.jpg,0,2
4465,180800.jpg,1,2
4467,180921.jpg,0,2
4468,180986.jpg,1,2
4469,181003.jpg,1,2
4470,181026.jpg,0,2
4471,181056.jpg,1,2
4472,181112.jpg,0,2
4473,181140.jpg,1,2
4475,181238.jpg,1,2
4476,181279.jpg,1,2
4477,181288.jpg,0,2
4478,181289.jpg,1,2
4479,181458.jpg,0,2
4480,181505.jpg,1,2
4481,181567.jpg,1,2
4482,181622.jpg,1,2
4483,181631.jpg,0,2
4485,181682.jpg,0,2
4487,181758.jpg,0,2
4489,181839.jpg,1,2
4490,181842.jpg,0,2
4491,181894.jpg,0,2
4492,181969.jpg,1,2
4493,181999.jpg,0,2
4494,182007.jpg,1,2
4495,182046.jpg,0,2
4496,182280.jpg,0,2
4498,182290.jpg,0,2
4499,182294.jpg,0,2
4500,182339.jpg,0,2
4501,182471.jpg,1,2
4502,182601.jpg,1,2
4503,182616.jpg,1,2
4504,182644.jpg,1,2
4506,182717.jpg,1,2
4507,182720.jpg,1,2
4508,182775.jpg,1,2
4509,182781.jpg,1,2
4510,182793.jpg,1,2
4512,182912.jpg,0,2
4513,182943.jpg,0,2
4515,183018.jpg,0,2
4516,183050.jpg,0,2
4517,183111.jpg,0,2
4518,183121.jpg,1,2
4519,183145.jpg,1,2
4520,183170.jpg,0,2
4521,183172.jpg,1,2
4523,183217.jpg,0,2
4524,183280.jpg,1,2
4525,183292.jpg,0,2
4528,183500.jpg,0,2
4529,183515.jpg,0,2
4530,183536.jpg,1,2
4531,183629.jpg,0,2
4532,183727.jpg,1,2
4533,183731.jpg,1,2
4535,183786.jpg,0,2
4536,183790.jpg,0,2
4537,183816.jpg,1,2
4538,183846.jpg,1,2
4539,183855.jpg,1,2
4540,183923.jpg,1,2
4541,183924.jpg,1,2
4542,183966.jpg,1,2
4543,184019.jpg,0,2
4544,184032.jpg,1,2
4545,184074.jpg,0,2
4546,184090.jpg,1,2
4547,184096.jpg,1,2
4548,184097.jpg,0,2
4549,184197.jpg,1,2
4550,184203.jpg,0,2
4551,184206.jpg,1,2
4552,184300.jpg,0,2
4553,184320.jpg,0,2
4554,184326.jpg,0,2
4555,184375.jpg,1,2
4556,184460.jpg,0,2
4557,184566.jpg,0,2
4559,184815.jpg,0,2
4560,184853.jpg,0,2
4561,184867.jpg,0,2
4562,184896.jpg,0,2
4563,184957.jpg,0,2
4565,185029.jpg,1,2
4566,185062.jpg,0,2
4573,185249.jpg,0,2
4574,185313.jpg,1,2
4575,185316.jpg,0,2
4577,185366.jpg,1,2
4578,185381.jpg,0,2
4580,185432.jpg,1,2
4581,185457.jpg,1,2
4582,185500.jpg,0,2
4583,185526.jpg,0,2
4584,185530.jpg,0,2
4585,185568.jpg,0,2
4586,185577.jpg,0,2
4587,185648.jpg,0,2
4588,185670.jpg,0,2
4589,185754.jpg,1,2
4590,185760.jpg,0,2
4591,185763.jpg,0,2
4593,185820.jpg,0,2
4594,185887.jpg,1,2
4597,185983.jpg,1,2
4598,186046.jpg,0,2
4599,186047.jpg,1,2
4600,186088.jpg,0,2
4601,186129.jpg,0,2
4602,186180.jpg,1,2
4603,186226.jpg,0,2
4605,186245.jpg,0,2
4606,186298.jpg,1,2
4607,186305.jpg,0,2
4609,186392.jpg,0,2
4611,186494.jpg,0,2
4612,186548.jpg,0,2
4613,186596.jpg,1,2
4614,186619.jpg,1,2
4615,186703.jpg,0,2
4616,186782.jpg,0,2
4617,186846.jpg,0,2
4618,186870.jpg,0,2
4621,186989.jpg,1,2
4623,187206.jpg,0,2
4624,187232.jpg,1,2
4625,187233.jpg,1,2
4627,187343.jpg,1,2
4628,187350.jpg,1,2
4629,187403.jpg,0,2
4630,187441.jpg,0,2
4632,187613.jpg,1,2
4633,187625.jpg,0,2
4634,187666.jpg,0,2
4635,187727.jpg,1,2
4636,187802.jpg,0,2
4637,187874.jpg,1,2
4638,187928.jpg,0,2
4639,187995.jpg,1,2
4642,188059.jpg,1,2
4643,188063.jpg,1,2
4644,188105.jpg,1,2
4646,188125.jpg,1,2
4647,188149.jpg,0,2
4648,188198.jpg,0,2
4649,188225.jpg,1,2
4650,188299.jpg,1,2
4652,188451.jpg,0,2
4653,188454.jpg,1,2
4654,188508.jpg,1,2
4655,188530.jpg,0,2
4656,188581.jpg,1,2
4657,188672.jpg,1,2
4658,188720.jpg,0,2
4659,188793.jpg,0,2
4660,188800.jpg,0,2
4662,188828.jpg,1,2
4663,188848.jpg,1,2
4664,188875.jpg,0,2
4665,188936.jpg,0,2
4666,189029.jpg,1,2
4667,189037.jpg,1,2
4668,189056.jpg,0,2
4670,189124.jpg,0,2
4671,189132.jpg,0,2
4672,189297.jpg,0,2
4673,189324.jpg,1,2
4675,189512.jpg,0,2
4676,189513.jpg,1,2
4677,189581.jpg,1,2
4678,189651.jpg,1,2
4679,189730.jpg,0,2
4680,189934.jpg,1,2
4681,189938.jpg,1,2
4682,189971.jpg,0,2
4683,190004.jpg,0,2
4684,190027.jpg,1,2
4686,190035.jpg,1,2
4687,190049.jpg,0,2
4688,190097.jpg,0,2
4691,190204.jpg,1,2
4693,190231.jpg,0,2
4694,190249.jpg,1,2
4695,190255.jpg,1,2
4696,190304.jpg,0,2
4697,190388.jpg,0,2
4698,190396.jpg,0,2
4699,190399.jpg,0,2
4700,190400.jpg,1,2
4701,190411.jpg,1,2
4702,190444.jpg,1,2
4703,190631.jpg,1,2
4704,190641.jpg,0,2
4705,190649.jpg,1,2
4706,190666.jpg,0,2
4707,190810.jpg,0,2
4708,190832.jpg,1,2
4709,190944.jpg,1,2
4710,190955.jpg,0,2
4711,191121.jpg,1,2
4712,191125.jpg,1,2
4713,191136.jpg,0,2
4715,191283.jpg,1,2
4716,191331.jpg,0,2
4717,191417.jpg,1,2
4718,191444.jpg,1,2
4720,191453.jpg,1,2
4721,191536.jpg,1,2
4722,191542.jpg,1,2
4723,191656.jpg,0,2
4724,191670.jpg,1,2
4726,191756.jpg,1,2
4727,191789.jpg,1,2
4729,191806.jpg,0,2
4731,191814.jpg,0,2
4733,191870.jpg,1,2
4734,191900.jpg,0,2
4735,191917.jpg,1,2
4736,192089.jpg,1,2
4737,192126.jpg,1,2
4738,192167.jpg,0,2
4739,192204.jpg,0,2
4740,192249.jpg,0,2
4741,192272.jpg,0,2
4742,192302.jpg,1,2
4744,192330.jpg,0,2
4745,192347.jpg,0,2
4746,192350.jpg,0,2
4748,192475.jpg,1,2
4749,192496.jpg,1,2
4750,192531.jpg,1,2
4751,192544.jpg,0,2
4752,192648.jpg,0,2
4753,192649.jpg,0,2
4754,192699.jpg,1,2
4755,192734.jpg,0,2
4756,192845.jpg,1,2
4760,192978.jpg,0,2
4761,193008.jpg,1,2
4763,193107.jpg,1,2
4764,193132.jpg,1,2
4765,193146.jpg,0,2
4766,193277.jpg,1,2
4767,193327.jpg,0,2
4768,193340.jpg,1,2
4770,193360.jpg,0,2
4771,193367.jpg,0,2
4773,193541.jpg,0,2
4774,193560.jpg,0,2
4775,193643.jpg,1,2
4776,193685.jpg,0,2
4777,193726.jpg,0,2
4779,193833.jpg,1,2
4782,193974.jpg,0,2
4783,193989.jpg,1,2
4785,194029.jpg,1,2
4787,194166.jpg,1,2
4788,194199.jpg,0,2
4790,194261.jpg,0,2
4791,194266.jpg,1,2
4792,194271.jpg,0,2
4793,194299.jpg,0,2
4794,194312.jpg,1,2
4795,194369.jpg,0,2
4797,194451.jpg,0,2
4798,194475.jpg,0,2
4799,194587.jpg,0,2
4800,194610.jpg,1,2
4802,194662.jpg,1,2
4803,194677.jpg,1,2
4804,194720.jpg,1,2
4806,194834.jpg,1,2
4807,194863.jpg,1,2
4808,194890.jpg,0,2
4809,194894.jpg,0,2
4810,194929.jpg,0,2
4811,194979.jpg,1,2
4812,195019.jpg,0,2
4813,195084.jpg,1,2
4814,195102.jpg,1,2
4815,195139.jpg,1,2
4816,195141.jpg,0,2
4817,195178.jpg,0,2
4818,195296.jpg,0,2
4819,195332.jpg,1,2
4820,195337.jpg,0,2
4822,195349.jpg,0,2
4823,195382.jpg,0,2
4824,195404.jpg,1,2
4825,195513.jpg,1,2
4826,195518.jpg,1,2
4827,195649.jpg,0,2
4829,195720.jpg,0,2
4830,195735.jpg,0,2
4831,195763.jpg,1,2
4832,195769.jpg,1,2
4833,195824.jpg,0,2
4835,195857.jpg,0,2
4837,195960.jpg,0,2
4838,196010.jpg,1,2
4839,196018.jpg,1,2
4840,196023.jpg,1,2
4841,196044.jpg,0,2
4842,196048.jpg,0,2
4843,196062.jpg,0,2
4844,196070.jpg,0,2
4845,196073.jpg,1,2
4849,196243.jpg,1,2
4850,196272.jpg,1,2
4851,196292.jpg,0,2
4854,196405.jpg,1,2
4855,196423.jpg,0,2
4858,196596.jpg,0,2
4859,196606.jpg,0,2
4860,196608.jpg,1,2
4861,196627.jpg,1,2
4862,196661.jpg,1,2
4863,196846.jpg,0,2
4865,196888.jpg,1,2
4866,196937.jpg,1,2
4867,196974.jpg,0,2
4869,197085.jpg,0,2
4870,197113.jpg,1,2
4872,197219.jpg,1,2
4873,197271.jpg,1,2
4874,197277.jpg,1,2
4875,197293.jpg,0,2
4876,197372.jpg,0,2
4878,197455.jpg,0,2
4879,197502.jpg,0,2
4880,197519.jpg,1,2
4881,197528.jpg,0,2
4882,197544.jpg,1,2
4883,197553.jpg,0,2
4884,197635.jpg,0,2
4885,197718.jpg,0,2
4886,197751.jpg,0,2
4887,197811.jpg,0,2
4889,197929.jpg,1,2
4890,197939.jpg,0,2
4892,198029.jpg,0,2
4893,198095.jpg,0,2
4896,198323.jpg,0,2
4897,198403.jpg,0,2
4898,198519.jpg,0,2
4900,198616.jpg,1,2
4901,198621.jpg,0,2
4902,198641.jpg,0,2
4904,198682.jpg,1,2
4905,198698.jpg,1,2
4906,198770.jpg,0,2
4907,198832.jpg,0,2
4908,198849.jpg,0,2
4909,198880.jpg,1,2
4910,198884.jpg,1,2
4911,198910.jpg,1,2
4913,199004.jpg,0,2
4914,199026.jpg,0,2
4915,199077.jpg,1,2
4916,199087.jpg,1,2
4917,199090.jpg,0,2
4918,199142.jpg,0,2
4919,199254.jpg,0,2
4920,199303.jpg,1,2
4921,199339.jpg,1,2
4922,199352.jpg,0,2
4923,199388.jpg,1,2
4924,199409.jpg,0,2
4925,199412.jpg,0,2
4926,199464.jpg,1,2
4927,199600.jpg,0,2
4928,199628.jpg,0,2
4929,199636.jpg,1,2
4930,199718.jpg,1,2
4931,199735.jpg,0,2
4932,199833.jpg,0,2
4934,199884.jpg,0,2
4935,199946.jpg,0,2
4936,199975.jpg,1,2
4937,199989.jpg,1,2
4939,200133.jpg,0,2
4940,200160.jpg,0,2
4941,200167.jpg,0,2
4942,200170.jpg,0,2
4944,200375.jpg,0,2
4946,200419.jpg,0,2
4947,200585.jpg,1,2
4948,200668.jpg,0,2
4949,200687.jpg,1,2
4950,200703.jpg,0,2
4952,200803.jpg,1,2
4953,200812.jpg,0,2
4955,200934.jpg,1,2
4956,200955.jpg,1,2
4957,200979.jpg,0,2
4958,201002.jpg,0,2
4959,201018.jpg,0,2
4961,201067.jpg,0,2
4962,201072.jpg,0,2
4963,201135.jpg,1,2
4964,201160.jpg,0,2
4965,201172.jpg,0,2
4966,201233.jpg,0,2
4967,201245.jpg,0,2
4968,201253.jpg,0,2
4969,201307.jpg,0,2
4970,201325.jpg,0,2
4971,201327.jpg,0,2
4972,201336.jpg,0,2
4973,201392.jpg,1,2
4974,201431.jpg,1,2
4975,201479.jpg,0,2
4976,201541.jpg,0,2
4977,201547.jpg,0,2
4978,201604.jpg,1,2
4979,201632.jpg,0,2
4981,201735.jpg,0,2
4983,201816.jpg,0,2
4984,201861.jpg,0,2
4985,201865.jpg,0,2
4986,201867.jpg,0,2
4988,201915.jpg,0,2
4989,201956.jpg,1,2
4990,201989.jpg,0,2
4991,202045.jpg,0,2
4992,202200.jpg,0,2
4994,202276.jpg,1,2
4995,202320.jpg,0,2
4996,202340.jpg,0,2
4997,202347.jpg,0,2
4999,202566.jpg,1,2
